	_notSI	no_SI_category		
Talfourd_Thos	Thomas Noon Talfourd	histPersons		
Elliston_Robt	Robert William Elliston	histPersons		
Macready_Wm	William Macready	histPersons		
Procter_BW	Bryan Waller Procter	histPersons		
Rowden_Fr	Frances Arabella Rowden St. Quintin	histPersons		
Hofland_B	Barbara Hofland Wreaks	histPersons		
Russell_M	Mary Mitford Russell	histPersons		
Mitford_Geo	George Mitford	histPersons		
Talfourd_Thos	Thomas Noon Talfourd	histPersons		
Elliston_Robt	Robert William Elliston	histPersons		
Macready_Wm	William Macready	histPersons		
	_notSI	no_SI_category		
Elford_SirWm	Sir William Elford, F.R.S., F.L.S., M.P.	histPersons		
Haydon	Benjamin Robert Haydon	histPersons		
Long_tailed_wren	Long Tailed Wren	histPersons		
Haydon_Mrs	Mary Hyman	histPersons		
MRM	Mary Russell Mitford	histPersons		
	_notSI	no_SI_category		
Elford_SirWm	Sir William Elford, F.R.S., F.L.S., M.P.	histPersons		
Mitford_Geo	George Mitford	histPersons		
Russell_M	Mary Mitford Russell	histPersons		
Macready_Wm	William Macready	histPersons		
ChasI	Charles Stuart	histPersons		
Cromwell	Oliver Cromwell	histPersons		
Talfourd_Thos	Thomas Noon Talfourd	histPersons		
Cromwell_MRM	Oliver Cromwell	fictPersons		
Queen_Ch1	Queen Henrietta Maria	fictPersons		
Young_CM	Charles Mayne Young	histPersons		
Doge_F	Doge Foscari	fictPersons		
Kemble_C	Charles Kemble	histPersons		
MRM	Mary Russell Mitford	histPersons		
Foote_Maria	Maria Foote	histPersons		
Elford_Mr	Elford_Mr_notSI	no_SI_category		
Haydon	Benjamin Robert Haydon	histPersons		
Palmer_Mad	Madelina Palmer Gordon	histPersons		
Haydon	Benjamin Robert Haydon	histPersons		
Haydon_Mrs	Mary Hyman	histPersons		
Napoleon	Napoleon Bonaparte	histPersons		
Budd_EH	Budd_EH_notSI	no_SI_category		
Ward_William	Ward_William_notSI	no_SI_category		
Beauclerk_Frederick	Beauclerk_Frederick_notSI	no_SI_category		
MRM	Mary Russell Mitford	histPersons		
	_notSI	no_SI_category		
Beauclerk_Aubrey	Beauclerk_Aubrey_notSI	no_SI_category		
Chas_II	Chas_II_notSI	no_SI_category		
Gwyn_Eleanor	Gwyn_Eleanor_notSI	no_SI_category		
Beauclerk_Charles_I	Beauclerk_Charles_I_notSI	no_SI_category		
ChasII	Charles Stuart	histPersons		
Titian	Tiziano Vecelli	histPersons		
Rubens	Rubens_notSI	no_SI_category		
Rembrandt	Rembrandt_notSI	no_SI_category		
Hazlitt_Wm	William Hazlitt	histPersons		
Haydon_Mrs	Mary Hyman	histPersons		
Macready_Wm	William Macready	histPersons		
Haydon	Benjamin Robert Haydon	histPersons		
	_notSI	no_SI_category		
Talfourd_Thos	Thomas Noon Talfourd	histPersons		
Macready_Wm	William Macready	histPersons		
Mitford_Geo	George Mitford	histPersons		
Talfourd_Thos	Thomas Noon Talfourd	histPersons		
Kemble_C	Charles Kemble	histPersons		
Fitzharris	Mr. Fitzharris	histPersons		
Elliston_Robt	Robert William Elliston	histPersons		
Macready_Wm	William Macready	histPersons		
Bayley_Mrs	Mrs. Bayley	histPersons		
Shakespeare	William Shakespeare	histPersons		
Kotzebue	August von Kotzebue	histPersons		
Othello_O	Othello	fictPersons		
Kean_Edmund	Edmund Kean	histPersons		
Desdemona_O	Desdemona	fictPersons		
Rienzi_Cola	Cola di Rienzi	fictPersons		
MRM	Mary Russell Mitford	histPersons		
Talfourd_Mrs	Rachel Talfourd Rutt	histPersons		
Macready_Wm	William Macready	histPersons		
Cobbett_Wm	Member of Parliament for Oldham	histPersons		
Plutarch	Plutarch	histPersons		
Cromwell_MRM	Oliver Cromwell	fictPersons		
Alice	Alice	fictPersons		
Chas1_MRM	Charles the First	fictPersons		
Fairfax	Lord Fairfax	fictPersons		
Knowles_Sheridan	James Sheridan Knowles	histPersons		
Kemble_C	Charles Kemble	histPersons		
Cantwell	Cantwell	fictPersons		
Foscari_son_hist	Jacopo Foscari	histPersons		
Doge_F_hist	Doge Foscari	histPersons		
	_notSI	no_SI_category		
Fitzharris	Mr. Fitzharris	histPersons		
Cosmo	Cosmo Donato	fictPersons		
Young_CM	Charles Mayne Young	histPersons		
Kemble_C	Charles Kemble	histPersons		
MRM	Mary Russell Mitford	histPersons		
Talfourd_Thos	Thomas Noon Talfourd	histPersons		
Fitzharris	Mr. Fitzharris	histPersons		
Chas1_MRM	Charles the First	fictPersons		
Young_CM	Charles Mayne Young	histPersons		
Cromwell_MRM	Oliver Cromwell	fictPersons		
Serle_TJ	Thomas James Serle	histPersons		
Warde_Mr	James Prescott Warde	histPersons		
Leon	Leon_stubEntry	fictPersons		
Bennett_GJ	George John Bennett	histPersons		
Vines_Mr	Mr. Vines	histPersons		
Bulley_F	Frederick Bulley	histPersons		
Valpy_Richard	Richard Valpy	histPersons		
Burgess	Mr. Burgess	histPersons		
Euripides	Euripides	histPersons		
Richardson_H	Henry Kemp Richardson	histPersons		
Robinson_H	Henry Robinson	histPersons		
	_notSI	no_SI_category		
Harness_Wm	William Harness	Past_Editors		
Lane_Wm	William Lane	histPersons		
Beaumont_Fr	Francis Beaumont	histPersons		
Fletcher_John	John Fletcher	histPersons		
Talfourd_Thos	Thomas Noon Talfourd	histPersons		
Macready_Wm	William Macready	histPersons		
	_notSI	no_SI_category		
MRM	Mary Russell Mitford	histPersons		
Harness_Wm	William Harness	Past_Editors		
Talfourd_Mrs	Rachel Talfourd Rutt	histPersons		
Rutt_John	John Towill  Rutt	histPersons		
Monck_JB	John Berkeley Monck	histPersons		
	_notSI	no_SI_category		
Newberry_Mr	Newberry_Mr_notSI	no_SI_category		
Macready_Wm	William Macready	histPersons		
Doge_F	Doge Foscari	fictPersons		
Cosmo	Cosmo Donato	fictPersons		
Camilla	Camilla Donato	fictPersons		
Byron	George Gordon Noel Byron	histPersons		
MRM	Mary Russell Mitford	histPersons		
	_notSI	no_SI_category		
Foscari_Fr	Francesco Foscari	fictPersons		
MRM	Mary Russell Mitford	histPersons		
Talfourd_Thos	Thomas Noon Talfourd	histPersons		
Monck_JB	John Berkeley Monck	histPersons		
Russell_M	Mary Mitford Russell	histPersons		
Elford_SirWm	Sir William Elford, F.R.S., F.L.S., M.P.	histPersons		
Edgeworth_Maria	Maria Edgeworth	histPersons		
Ormond_H	Ormond_H_notSI	no_SI_category		
Ellis_Hen	Ellis_Hen_notSI	no_SI_category		
McLeod_John	McLeod_John_notSI	no_SI_category		
Staunton_Geo	Staunton_Geo_notSI	no_SI_category		
Macartney_Geo	Macartney_Geo_notSI	no_SI_category		
Barrow_John	Barrow_John_notSI	no_SI_category		
	_notSI	no_SI_category		
Bruce_James	Bruce_James_notSI	no_SI_category		
Napoleon	Napoleon Bonaparte	histPersons		
Esther_Ozoro	Esther_Ozoro_notSI	no_SI_category		
Mariam_Tecla	Mariam_Tecla_notSI	no_SI_category		
Orlando	Orlando_notSI	no_SI_category		
Michael_Ras	Michael_Ras_notSI	no_SI_category		
Milton	John Milton	histPersons		
Satan	Satan	archPersons		
Shakespeare	William Shakespeare	histPersons		
Richard_Gloucester	Richard_Gloucester_notSI	no_SI_category		
Talma_Francois	Talma_Francois_notSI	no_SI_category		
Valpy_Penelope	Penelope Arabella Valpy French	histPersons		
James_Miss	Miss James	histPersons		
Dukinfield_Mr	 Dukinfield	histPersons		
Vane_hist	Henry Vane	histPersons		
Viola_TN	Viola	fictPersons		
Beatrice	Beatrice_notSI	no_SI_category		
Isabella	Isabella_notSI	no_SI_category		
Webb_Eliza	Eliza Elizabeth Webb	histPersons		
Miranda	Miranda_stubEntry	fictPersons		
Nerissa	Nerissa_notSI	no_SI_category		
Dogberry_MA	Dogberry	fictPersons		
Justice_Lord	Justice_Lord_notSI	no_SI_category		
Polonius	Polonius_notSI	no_SI_category		
Bardolph	Bardolph_notSI	no_SI_category		
Nym	Nym_notSI	no_SI_category		
Falstaff	Falstaff_notSI	no_SI_category		
Haydon	Benjamin Robert Haydon	histPersons		
Alexander_I	Alexander_I_notSI	no_SI_category		
Jesus	Jesus	histPersons		
Hofland_TC	Thomas Christopher Hofland	histPersons		
Lavater_Johann	Lavater_Johann_notSI	no_SI_category		
Raphael	Raphael	histPersons		
Lucy	Lucy_notSI	no_SI_category		
Mitford_Geo	George Mitford	histPersons		
MRM	Mary Russell Mitford	histPersons		
King_Corny	King_Corny_notSI	no_SI_category		
Mrs_M'Crule	Mrs_M'Crule_notSI	no_SI_category		
Miss_OFaley	Miss_OFaley_notSI	no_SI_category		
Sir_C_Grandison	Sir_C_Grandison_notSI	no_SI_category		
Lady_Annaly	Lady_Annaly_notSI	no_SI_category		
Miss_Annaly	Miss_Annaly_notSI	no_SI_category		
Fielding_Henry	Henry Fielding	histPersons		
Pickle_P	Pickle_P_notSI	no_SI_category		
Smollett_Tob	Tobias George Smollett	histPersons		
Sophy	Sophy_notSI	no_SI_category		
Western_Sophia	Western_Sophia_notSI	no_SI_category		
Prospero	Prospero	fictPersons		
Chaucer	Geoffrey Chaucer	histPersons		
Liston_John	John Liston	histPersons		
Grizzle_Lord	Lord Grizzle	fictPersons		
Lamb_Chas	Charles Lamb	histPersons		
Hazlitt_Wm	William Hazlitt	histPersons		
Milton	John Milton	histPersons		
Mossy_pet	Mossy	histPersons		
Brunton_Mary	Mary Balfour Brunton	histPersons		
Rowden_Fr	Frances Arabella Rowden St. Quintin	histPersons		
	_notSI	no_SI_category		
Fearon_HB	Henry Bradshaw Fearon	histPersons		
Washington_Geo	George Washington	histPersons		
Franklin_Ben	Benjamin Franklin	histPersons		
Birkbeck_M	Morris Birkbeck	histPersons		
Elford_SirWm	Sir William Elford, F.R.S., F.L.S., M.P.	histPersons		
Hunt	James Henry Leigh Hunt	histPersons		
Bacon	Francis Bacon	histPersons		
Shakespeare	William Shakespeare	histPersons		
Keats	John Keats	histPersons		
Peacock_TL	Thomas Love Peacock	histPersons		
Coleridge_ST	Samuel Taylor Coleridge	histPersons		
Byron	George Gordon Noel Byron	histPersons		
Sancho_Panza	Sancho Panza	fictPersons		
Cypress_Mr	Mr. Cypress	fictPersons		
Selim_pet	Selim	histPersons		
Miranda_pet	Miranda	histPersons		
Mitford_Geo	George Mitford	histPersons		
Russell_M	Mary Mitford Russell	histPersons		
MRM	Mary Russell Mitford	histPersons		
Palmer_CF	Charles Fyshe Palmer	histPersons		
	_notSI	no_SI_category		
Mitford_Geo	George Mitford	histPersons		
Russell_M	Mary Mitford Russell	histPersons		
Elford_SirWm	Sir William Elford, F.R.S., F.L.S., M.P.	histPersons		
whitekitten_WEpet	White kitten	histPersons		
Mitford_Geo	George Mitford	histPersons		
Brulgruddery_D	Dennis Brulgruddery	fictPersons		
Hofland_B	Barbara Hofland Wreaks	histPersons		
Rousseau	Jean-Jacques Rousseau	histPersons		
Lorrain_Cl	Claude Lorrain	histPersons		
Selima_cat_pet	Selima_cat_pet_notSI	no_SI_category		
Miranda_pet	Miranda	histPersons		
Selim_cat_pet	Selim_cat_pet_notSI	no_SI_category		
Selim_cat	Selim_cat_notSI	no_SI_category		
Weyland_John	John Weyland	histPersons		
Palmer_CF	Charles Fyshe Palmer	histPersons		
Palmer_Mad	Madelina Palmer Gordon	histPersons		
Burke_E	Edmund Burke	histPersons		
Howard_John	John Howard	histPersons		
Marie_Antionette	Marie_Antionette_notSI	no_SI_category		
Ossian	Ossian	fictPersons		
Hervey_Wm	Frederick William Hervey	histPersons		
Phillips_Chas	Charles Phillips	histPersons		
Porter_AM	Porter_AM_notSI	no_SI_category		
Owenson_S	Sydney Owenson	histPersons		
Junius	Lucius Junius Brutus	histPersons		
Fox_ChasJ	Charles James Fox	histPersons		
Hearne_Thos	Thomas Hearne	histPersons		
Aubrey_John	John Aubrey	histPersons		
Johnson_Sam	Johnson_Sam_notSI	no_SI_category		
Kettle_Dr	Ralph Kettle	histPersons		
PembrokeI	William Herbert	histPersons		
Jonson_Ben	Ben Jonson	histPersons		
Hobbes	Thomas Hobbes	histPersons		
Titian	Tiziano Vecelli	histPersons		
Scott_Wal	Walter Scott	histPersons		
Austen_Jane	Jane Austen	histPersons		
	_notSI	no_SI_category		
Walton_I	Izaak Walton	histPersons		
Boswell	James Boswell	histPersons		
Crowther_Mr	 Crowther	histPersons		
Napoleon	Napoleon Bonaparte	histPersons		
Byron	George Gordon Noel Byron	histPersons		
Croker_JW	John Wilson Croker	histPersons		
Don_Quixote_char	Don Quixote	fictPersons		
Punch	Punch	fictPersons		
Judy	Judy	fictPersons		
James_Miss	Miss James	histPersons		
James_Susan	Susan Susy Deane James	histPersons		
Elford_John	Elford_John_notSI	no_SI_category		
Russell_M	Mary Mitford Russell	histPersons		
MRM	Mary Russell Mitford	histPersons		
Milman_HH	Henry Hart Milman	histPersons		
Heber_Rich	Richard Heber	histPersons		
Dickinson_Charles	Charles Dickinson	histPersons		
Haydon	Benjamin Robert Haydon	histPersons		
Mitford_Geo	George Mitford	histPersons		
MRM	Mary Russell Mitford	histPersons		
MRM_maledog_pet		histPersons		
Shakespeare	William Shakespeare	histPersons		
Miranda_pet	Miranda	histPersons		
Russell_M	Mary Mitford Russell	histPersons		
Elford_SirWm	Sir William Elford, F.R.S., F.L.S., M.P.	histPersons		
LeCamus_Antoine	Antoine Le Camus	histPersons		
MRM	Mary Russell Mitford	histPersons		
Dacre_Charlotte	Dacre_Charlotte_notSI	no_SI_category		
	_notSI	no_SI_category		
Dickinson_Charles	Charles Dickinson	histPersons		
Hogarth	William Hogarth	histPersons		
Wellington_Duke	Arthur Wellesley	histPersons		
Elford_SirWm	Sir William Elford, F.R.S., F.L.S., M.P.	histPersons		
James_Miss	Miss James	histPersons		
Hofland_B	Barbara Hofland Wreaks	histPersons		
Hofland_TC #Hofland_B	Hofland_TC #Hofland_B_notSI	no_SI_category		
Hofland_TC	Thomas Christopher Hofland	histPersons		
Geo_SpencerChurchill	George Spencer-Churchill	histPersons		
Chas_SpencerChurchill	Charles Spencer-Churchill	histPersons		
Hassan_Bedreddin	Prince Bedreddin Hassan	fictPersons		
Miranda_pet	Miranda	histPersons		
Selim_pet	Selim	histPersons		
Mitford_Geo	George Mitford	histPersons		
Griffin_Rich	Richard Griffin	histPersons		
whitekitten_WEpet	White kitten	histPersons		
Percy_Thos	Thomas Percy	histPersons		
Dryden	John Dryden	histPersons		
Lee_Nath	Nathaniel Lee	histPersons		
Owenson_S	Sydney Owenson	histPersons		
Miss Crawley_fict	Miss Crawley_fict_notSI	no_SI_category		
Mr_Dexter_OD	Mr_Dexter_OD_notSI	no_SI_category		
Austen_Jane	Jane Austen	histPersons		
Aubrey_John	John Aubrey	histPersons		
Hearne_Thos	Thomas Hearne	histPersons		
JamesI	James I	histPersons		
ChasI	Charles Stuart	histPersons		
Master_Fuller	Master Fuller	fictPersons		
MRM	Mary Russell Mitford	histPersons		
Russell_M	Mary Mitford Russell	histPersons		
Mitford_Geo	George Mitford	histPersons		
	_notSI	no_SI_category		
Mossy	Mossy_notSI	no_SI_category		
James_Miss	Miss James	histPersons		
Valpy_Richard	Richard Valpy	histPersons		
Elford_SirWm	Sir William Elford, F.R.S., F.L.S., M.P.	histPersons		
Mitford_Geo	George Mitford	histPersons		
Palmer_CF	Charles Fyshe Palmer	histPersons		
Weyland_John	John Weyland	histPersons		
Dickinson_Charles	Charles Dickinson	histPersons		
	_notSI	no_SI_category		
Cartwright_Maj	John Cartwright	histPersons		
Northmore_Thos	Thomas Northmore	histPersons		
Hobhouse_JC	John Cam Hobhouse	histPersons		
Washington_Geo	George Washington	histPersons		
Johnson_Mr	John Johnson	histPersons		
Junius	Lucius Junius Brutus	histPersons		
Walton_I	Izaak Walton	histPersons		
Dickinson_Mrs	Mrs. Dickinson	histPersons		
Handel	George Frideric Handel	histPersons		
Austen_Jane	Jane Austen	histPersons		
Jacky_Marriage	Miss Jacky	fictPersons		
Nicky_Marriage	Miss Nicky	fictPersons		
Grizzy_Marriage	Miss Grizzy	fictPersons		
Maclaughlan_Marriage	Lady MacLaughlan	fictPersons		
Collins_Mr_JA	Collins_Mr_JA_notSI	no_SI_category		
Chas_Grandison_fict	Sir Charles Grandison	fictPersons		
Mary_Marriage	Mary	fictPersons		
whitekitten_WEpet	White kitten	histPersons		
Dante	Durante Alighieri	histPersons		
Tasso	Tasso_notSI	no_SI_category		
Ariosto	Ariosto_notSI	no_SI_category		
Petrarch	Francesco Petrarca	histPersons		
Ovid	Publius Ovidius Naso	histPersons		
Virgil	Publius Vergilius Maro	histPersons		
Ugolino	Count Ugolino	fictPersons		
Isabella_Dante	Isabella	fictPersons		
Dryden	John Dryden	histPersons		
Phaeton_Ovid	Phaeton	fictPersons		
Southey_R	Robert Southey	histPersons		
Pitt_Chris	Christopher Pitt	histPersons		
Beresford_James	James Beresford	histPersons		
Dido	Dido_notSI	no_SI_category		
Ascanius	Ascanius	fictPersons		
Palmer_Mad	Madelina Palmer Gordon	histPersons		
Russell_M	Mary Mitford Russell	histPersons		
MRM	Mary Russell Mitford	histPersons		
Elford_SirWm	Sir William Elford, F.R.S., F.L.S., M.P.	histPersons		
whitekitten_WEpet	White kitten	histPersons		
	_notSI	no_SI_category		
Northmore_Thos	Thomas Northmore	histPersons		
Bellamy_John	John Bellamy	histPersons		
Marriott_Mr	Mr. Marriott	histPersons		
Austen_Jane	Jane Austen	histPersons		
Clarke_ED	Edward Daniel Clarke	histPersons		
Acerbi_J	Giuseppe Acerbi	histPersons		
Lucetti	Lucetti	histPersons		
Cripps_JM	John Marten Cripps	histPersons		
Scott_Wal	Walter Scott	histPersons		
Rogers_Sam	Samuel Rogers	histPersons		
King_Wm	William King	histPersons		
Pope_Alex	Alexander Pope	histPersons		
James_oldPretender	James Francis Edward Stuart	histPersons		
Maturin_Ch	Maturin_Ch_notSI	no_SI_category		
Holcroft	Thomas Holcroft	histPersons		
Hazlitt_Wm	William Hazlitt	histPersons		
Walpole_Hor	Horace Walpole	histPersons		
hume	David Hume	histPersons		
Gray_Thos	Thomas Gray	histPersons		
Cowper	William Cowper	histPersons		
Scott_John_LdEldon	John Scott	histPersons		
Sebastian_TN	Sebastian	fictPersons		
Viola_TN	Viola	fictPersons		
Hofland_B #Hofland_TC	Hofland_B #Hofland_TC_notSI	no_SI_category		
Geo_SpencerChurchill	George Spencer-Churchill	histPersons		
Hofland_TC	Thomas Christopher Hofland	histPersons		
James_Miss	Miss James	histPersons		
Castlereagh_RS	Robert Stewart	histPersons		
Pygmalion	Pygmalion	fictPersons		
Palmer_CF	Charles Fyshe Palmer	histPersons		
Palmer_Mad	Madelina Palmer Gordon	histPersons		
Weyland_John	John Weyland	histPersons		
Burdett_F	Sir Francis Burdett	histPersons		
Cartwright_Maj	John Cartwright	histPersons		
GeoIV	George IV King of the United Kingdom of Great Britain and Ireland	histPersons		
Beechey_W	William Beechey	histPersons		
Holcroft_Thos	Thomas Holcroft	histPersons		
Mitford_Geo	George Mitford	histPersons	Letter to Sir William Elford, 1819 April 8	Elford_SirWm
Mitford_Geo	George Mitford	histPersons	Letter to Sir William Elford, 1819 April 8	whitekitten_WEpet
Mitford_Geo	George Mitford	histPersons	Letter to Sir William Elford, 1819 April 8	
Mitford_Geo	George Mitford	histPersons	Letter to Sir William Elford, 1819 April 8	Northmore_Thos
Mitford_Geo	George Mitford	histPersons	Letter to Sir William Elford, 1819 April 8	Bellamy_John
Mitford_Geo	George Mitford	histPersons	Letter to Sir William Elford, 1819 April 8	Marriott_Mr
Mitford_Geo	George Mitford	histPersons	Letter to Sir William Elford, 1819 April 8	Austen_Jane
Mitford_Geo	George Mitford	histPersons	Letter to Sir William Elford, 1819 April 8	Clarke_ED
Mitford_Geo	George Mitford	histPersons	Letter to Sir William Elford, 1819 April 8	Acerbi_J
Mitford_Geo	George Mitford	histPersons	Letter to Sir William Elford, 1819 April 8	Lucetti
Mitford_Geo	George Mitford	histPersons	Letter to Sir William Elford, 1819 April 8	Cripps_JM
Mitford_Geo	George Mitford	histPersons	Letter to Sir William Elford, 1819 April 8	Scott_Wal
Mitford_Geo	George Mitford	histPersons	Letter to Sir William Elford, 1819 April 8	Rogers_Sam
Mitford_Geo	George Mitford	histPersons	Letter to Sir William Elford, 1819 April 8	King_Wm
Mitford_Geo	George Mitford	histPersons	Letter to Sir William Elford, 1819 April 8	Pope_Alex
Mitford_Geo	George Mitford	histPersons	Letter to Sir William Elford, 1819 April 8	James_oldPretender
Mitford_Geo	George Mitford	histPersons	Letter to Sir William Elford, 1819 April 8	Maturin_Ch
Mitford_Geo	George Mitford	histPersons	Letter to Sir William Elford, 1819 April 8	Holcroft
Mitford_Geo	George Mitford	histPersons	Letter to Sir William Elford, 1819 April 8	Hazlitt_Wm
Mitford_Geo	George Mitford	histPersons	Letter to Sir William Elford, 1819 April 8	Walpole_Hor
Mitford_Geo	George Mitford	histPersons	Letter to Sir William Elford, 1819 April 8	hume
Mitford_Geo	George Mitford	histPersons	Letter to Sir William Elford, 1819 April 8	Gray_Thos
Mitford_Geo	George Mitford	histPersons	Letter to Sir William Elford, 1819 April 8	Cowper
Mitford_Geo	George Mitford	histPersons	Letter to Sir William Elford, 1819 April 8	Scott_John_LdEldon
Mitford_Geo	George Mitford	histPersons	Letter to Sir William Elford, 1819 April 8	Sebastian_TN
Mitford_Geo	George Mitford	histPersons	Letter to Sir William Elford, 1819 April 8	Viola_TN
Mitford_Geo	George Mitford	histPersons	Letter to Sir William Elford, 1819 April 8	Hofland_B #Hofland_TC
Mitford_Geo	George Mitford	histPersons	Letter to Sir William Elford, 1819 April 8	Geo_SpencerChurchill
Mitford_Geo	George Mitford	histPersons	Letter to Sir William Elford, 1819 April 8	Hofland_TC
Mitford_Geo	George Mitford	histPersons	Letter to Sir William Elford, 1819 April 8	James_Miss
Mitford_Geo	George Mitford	histPersons	Letter to Sir William Elford, 1819 April 8	Castlereagh_RS
Mitford_Geo	George Mitford	histPersons	Letter to Sir William Elford, 1819 April 8	Pygmalion
Mitford_Geo	George Mitford	histPersons	Letter to Sir William Elford, 1819 April 8	Palmer_CF
Mitford_Geo	George Mitford	histPersons	Letter to Sir William Elford, 1819 April 8	Palmer_Mad
Mitford_Geo	George Mitford	histPersons	Letter to Sir William Elford, 1819 April 8	Weyland_John
Mitford_Geo	George Mitford	histPersons	Letter to Sir William Elford, 1819 April 8	Burdett_F
Mitford_Geo	George Mitford	histPersons	Letter to Sir William Elford, 1819 April 8	Cartwright_Maj
Mitford_Geo	George Mitford	histPersons	Letter to Sir William Elford, 1819 April 8	GeoIV
Mitford_Geo	George Mitford	histPersons	Letter to Sir William Elford, 1819 April 8	Beechey_W
Mitford_Geo	George Mitford	histPersons	Letter to Sir William Elford, 1819 April 8	Holcroft_Thos
Mitford_Geo	George Mitford	histPersons	Letter to Sir William Elford, 1819 April 8	Mitford_Geo
Mitford_Geo	George Mitford	histPersons	Letter to Sir William Elford, 1819 April 8	MRM
MRM	Mary Russell Mitford	histPersons		
Webb_Mary_younger	Mary Elizabeth Webb	histPersons		
Webb_James	James Webb	histPersons		
Webb_Mary_elder	Mary Webb	histPersons		
Webb_Eliza	Eliza Elizabeth Webb	histPersons		
James_Miss	Miss James	histPersons		
Dobbs_Mrs	Mrs. Dobbs	histPersons		
Haydon	Benjamin Robert Haydon	histPersons		
Palmer_Mad	Madelina Palmer Gordon	histPersons		
Mitford_Geo	George Mitford	histPersons		
Palmer_CF	Charles Fyshe Palmer	histPersons		
George	George 	histPersons		
Constance_KJ	Constance	fictPersons		
MRM	Mary Russell Mitford	histPersons		
Shakespeare	William Shakespeare	histPersons		
Frankland_Mrs	Mrs. Frankland	histPersons		
Russell_M	Mary Mitford Russell	histPersons		
Frere_JH	J.H. Frere	histPersons		
Hazlitt_Wm	William Hazlitt	histPersons		
Johnson	Samuel Johnson	histPersons		
Vanbrugh	Sir John Vanbrugh	histPersons		
Wheeler_Kate	Kate Wheeler	histPersons		
Elford_SirWm	Sir William Elford, F.R.S., F.L.S., M.P.	histPersons		
	_notSI	no_SI_category		
Scott_Wal	Walter Scott	histPersons		
Elford_SirWm	Sir William Elford, F.R.S., F.L.S., M.P.	histPersons		
Mitford_Geo	George Mitford	histPersons		
	_notSI	no_SI_category		
Dickinson_Mrs	Mrs. Dickinson	histPersons		
Handel	George Frideric Handel	histPersons		
Haydn	Franz Joseph Hadyn	histPersons		
Mozart	Johannes Chrysostomus Wolfgangus Theophilus Mozart	histPersons		
Richardson_Sam	Samuel Richardson	histPersons		
Clarissa_fict	Clarissa	fictPersons		
Chas_Grandison_fict	Sir Charles Grandison	fictPersons		
Dickinson_Charles	Charles Dickinson	histPersons		
Cartwright_Maj	John Cartwright	histPersons		
Kean_Edmund	Edmund Kean	histPersons		
Garrick_David	David Garrick	histPersons		
MandlebertE_char	Mr. Edgar Mandlebert	fictPersons		
Camilla_char	Camilla	fictPersons		
DubsterMr_Camilla	Camilla	fictPersons		
HughSir_Camilla	Camilla	fictPersons		
Mr_Dexter_fict	Mr. Dexter	fictPersons		
LadySingleton_fict	Lady Singleton	fictPersons		
Burney_F	Frances 	histPersons		
Johnson	Samuel Johnson	histPersons		
SmithMr_Evelina	Mr. Smith	fictPersons		
BranghtonMiss_Evelina	Miss Branghton	fictPersons		
Austen_Jane	Jane Austen	histPersons		
Jonson_B	Ben Jonson	histPersons		
Shakespeare	William Shakespeare	histPersons		
Wellington_Duke	Arthur Wellesley	histPersons		
Russell_M	Mary Mitford Russell	histPersons		
Mossy_pet	Mossy	histPersons		
MRM	Mary Russell Mitford	histPersons		
Dundas_C	Charles Dundas	histPersons	Letter to Sir William Elford, May 30, 1819	Elford_SirWm
Dundas_C	Charles Dundas	histPersons	Letter to Sir William Elford, May 30, 1819	Mitford_Geo
Dundas_C	Charles Dundas	histPersons	Letter to Sir William Elford, May 30, 1819	Dickinson_Mrs
Dundas_C	Charles Dundas	histPersons	Letter to Sir William Elford, May 30, 1819	Handel
Dundas_C	Charles Dundas	histPersons	Letter to Sir William Elford, May 30, 1819	Haydn
Dundas_C	Charles Dundas	histPersons	Letter to Sir William Elford, May 30, 1819	Mozart
Dundas_C	Charles Dundas	histPersons	Letter to Sir William Elford, May 30, 1819	Richardson_Sam
Dundas_C	Charles Dundas	histPersons	Letter to Sir William Elford, May 30, 1819	Clarissa_fict
Dundas_C	Charles Dundas	histPersons	Letter to Sir William Elford, May 30, 1819	Chas_Grandison_fict
Dundas_C	Charles Dundas	histPersons	Letter to Sir William Elford, May 30, 1819	Dickinson_Charles
Dundas_C	Charles Dundas	histPersons	Letter to Sir William Elford, May 30, 1819	Cartwright_Maj
Dundas_C	Charles Dundas	histPersons	Letter to Sir William Elford, May 30, 1819	Kean_Edmund
Dundas_C	Charles Dundas	histPersons	Letter to Sir William Elford, May 30, 1819	Garrick_David
Dundas_C	Charles Dundas	histPersons	Letter to Sir William Elford, May 30, 1819	MandlebertE_char
Dundas_C	Charles Dundas	histPersons	Letter to Sir William Elford, May 30, 1819	Camilla_char
Dundas_C	Charles Dundas	histPersons	Letter to Sir William Elford, May 30, 1819	DubsterMr_Camilla
Dundas_C	Charles Dundas	histPersons	Letter to Sir William Elford, May 30, 1819	HughSir_Camilla
Dundas_C	Charles Dundas	histPersons	Letter to Sir William Elford, May 30, 1819	Mr_Dexter_fict
Dundas_C	Charles Dundas	histPersons	Letter to Sir William Elford, May 30, 1819	LadySingleton_fict
Dundas_C	Charles Dundas	histPersons	Letter to Sir William Elford, May 30, 1819	Burney_F
Dundas_C	Charles Dundas	histPersons	Letter to Sir William Elford, May 30, 1819	Johnson
Dundas_C	Charles Dundas	histPersons	Letter to Sir William Elford, May 30, 1819	SmithMr_Evelina
Dundas_C	Charles Dundas	histPersons	Letter to Sir William Elford, May 30, 1819	BranghtonMiss_Evelina
Dundas_C	Charles Dundas	histPersons	Letter to Sir William Elford, May 30, 1819	
Dundas_C	Charles Dundas	histPersons	Letter to Sir William Elford, May 30, 1819	Austen_Jane
Dundas_C	Charles Dundas	histPersons	Letter to Sir William Elford, May 30, 1819	Jonson_B
Dundas_C	Charles Dundas	histPersons	Letter to Sir William Elford, May 30, 1819	Shakespeare
Dundas_C	Charles Dundas	histPersons	Letter to Sir William Elford, May 30, 1819	Wellington_Duke
Dundas_C	Charles Dundas	histPersons	Letter to Sir William Elford, May 30, 1819	Russell_M
Dundas_C	Charles Dundas	histPersons	Letter to Sir William Elford, May 30, 1819	Mossy_pet
Dundas_C	Charles Dundas	histPersons	Letter to Sir William Elford, May 30, 1819	MRM
Dundas_C	Charles Dundas	histPersons	Letter to Sir William Elford, May 30, 1819	Dundas_C
Russell_M	Mary Mitford Russell	histPersons		
Elford_SirWm	Sir William Elford, F.R.S., F.L.S., M.P.	histPersons		
Dundas_Mr	Dundas_Mr_notSI	no_SI_category		
Palmer_CF	Charles Fyshe Palmer	histPersons		
Mitford_Geo	George Mitford	histPersons		
MandlebertE_char	Mr. Edgar Mandlebert	fictPersons		
Dickinson_Mrs	Mrs. Dickinson	histPersons		
Dulcinea_DQ	Dulcinea del Toboso	fictPersons		
Clarke_ED	Edward Daniel Clarke	histPersons		
Montague_MW	Mary Wortley Pierrepont Montague	histPersons		
Wordsworth_Wm	William Wordsworth	histPersons		
Brougham_H	Henry Peter Brougham	histPersons		
MRM	Mary Russell Mitford	histPersons		
Mitford_Geo	George Mitford	histPersons		
Russell_M	Mary Mitford Russell	histPersons		
Fisher_John	John Fisher	histPersons		
Webb_Mary_younger	Mary Elizabeth Webb	histPersons		
	_notSI	no_SI_category		
Hill_Lucy	Lucy Hill Sweatser	histPersons		
Dickinson_Charles	Charles Dickinson	histPersons		
Jackson_Mr	Jackson_Mr_notSI	no_SI_category		
Dickinson_Mrs	Mrs. Dickinson	histPersons		
James_Miss	Miss James	histPersons		
James_Mrs	Susan Susannah Haycock James	histPersons		
James_Susan	Susan Susy Deane James	histPersons		
Maurice_Mr	Mr. Maurice	histPersons		
Edie_Ochiltree	Edie Ochiltree	fictPersons		
Rowden_Fr	Frances Arabella Rowden St. Quintin	histPersons		
Webb_James	James Webb	histPersons		
Valpy_Penelope	Penelope Arabella Valpy French	histPersons		
MRM	Mary Russell Mitford	histPersons		
Elford_SirWm	Sir William Elford, F.R.S., F.L.S., M.P.	histPersons		
	_notSI	no_SI_category		
Scott_Wal	Walter Scott	histPersons		
Haydon	Benjamin Robert Haydon	histPersons		
Mitford_Geo	George Mitford	histPersons		
Russell_M	Mary Mitford Russell	histPersons		
Rivers_Lord	William Horace Pitt-Rivers	histPersons		
Webb_James	James Webb	histPersons		
MRM	Mary Russell Mitford	histPersons		
Miranda_pet	Miranda	histPersons		
Christ_Jesus	Christ_Jesus_notSI	no_SI_category		
Wordsworth_Wm	William Wordsworth	histPersons		
Bewick_Wm	William Bewick	histPersons		
Bewick_Thos	Thomas Bewick	histPersons		
Russell_M	Mary Mitford Russell	histPersons		
Woodburn_Mr	Woodburn_Mr_notSI	no_SI_category		
Hill_Lucy	Lucy Hill Sweatser	histPersons		
Woodburn_Mrs	Woodburn_Mrs_notSI	no_SI_category		
	_notSI	no_SI_category		
Elford_SirWm	Sir William Elford, F.R.S., F.L.S., M.P.	histPersons		
Parr_Dr	Parr_Dr_notSI	no_SI_category		
Valpy_John	Abraham John Valpy	histPersons		
Dickinson_Charles	Charles Dickinson	histPersons		
Webb_Mary_younger	Mary Elizabeth Webb	histPersons		
Webb_Eliza	Eliza Elizabeth Webb	histPersons		
Mitford_Geo	George Mitford	histPersons		
Webb_John	John Webb	histPersons		
Elford_SirWm	Sir William Elford, F.R.S., F.L.S., M.P.	histPersons		
Palmer_CF	Charles Fyshe Palmer	histPersons		
	_notSI	no_SI_category		
Dickinson_Mrs	Mrs. Dickinson	histPersons		
Rowena_WS	Rowena	fictPersons		
deGenlis_Mme	Stéphanie Félicité du Crest de Saint-Aubin	histPersons		
Burney_S	Burney_S_notSI	no_SI_category		
Burney_F	Frances 	histPersons		
Porter_AM	Porter_AM_notSI	no_SI_category		
Defoe_D	Daniel Defoe	histPersons		
Jonson_B	Ben Jonson	histPersons		
Fletcher_John	John Fletcher	histPersons		
James_Miss	Miss James	histPersons		
Edie_Ochiltree	Edie Ochiltree	fictPersons		
Elspeth	Elspeth	fictPersons		
Dousterwivel_WS	Dousterwivel	fictPersons		
Dickinson_CF	Dickinson_CF_notSI	no_SI_category		
Rembrandt	Rembrandt_notSI	no_SI_category		
GeoIII	George William Frederick King of Great Britain and King of Ireland King of the United Kingdom of Great Britain and Ireland	histPersons		
Mitford_Geo	George Mitford	histPersons		
Russell_M	Mary Mitford Russell	histPersons		
MRM	Mary Russell Mitford	histPersons		
Boswell	James Boswell	histPersons		
Pope_Alex	Alexander Pope	histPersons		
Bolingbroke	Bolingbroke_notSI	no_SI_category		
Addison_Joseph	Joseph Addison	histPersons		
Taylor_Jer	Jeremy Taylor	histPersons		
Walton_I	Izaak Walton	histPersons		
Brown_Thos	Thomas Browne	histPersons		
Sackville_Chas	Charles Sackville	histPersons		
Wilmot_John	John Wilmot	histPersons		
Spence_Jos	Joseph Spence	histPersons		
Elford_SirWm	Sir William Elford, F.R.S., F.L.S., M.P.	histPersons		
Dickinson_Mrs	Mrs. Dickinson	histPersons		
Dickinson_Daughter	Frances Vikris Dickinson	histPersons		
Dickinson_Charles	Charles Dickinson	histPersons		
Dickinson_Grandmama	Grandmama Dickinson	histPersons		
Dickinson_Nurse	Dickinson Nurse	histPersons		
Cupid	Cupid_stubEntry	fictPersons		
Sinclair_SrJohn	Sir John Sinclair	histPersons		
	_notSI	no_SI_category		
Butler_Mr	Butler	histPersons		
Palmer_CF	Charles Fyshe Palmer	histPersons		
Weyland_John	John Weyland	histPersons		
Monck_JB	John Berkeley Monck	histPersons		
Tierney_SrMat	Sir Matthew Tierney	histPersons		
GeoIV	George IV King of the United Kingdom of Great Britain and Ireland	histPersons		
Smollett_Tob	Tobias George Smollett	histPersons		
Bramble_Matthew	Matthew Bramble	fictPersons		
Halford_SrHen	Sir Henry St John Halford	histPersons		
Rachel_Aunt	Aunt Rachel	fictPersons		
Austen_Jane	Jane Austen	histPersons		
de_Chaboulon	Pierre Alexandre Édouard Fleury deChaboulon	histPersons		
Napoleon	Napoleon Bonaparte	histPersons		
Murray_John	John Murray	histPersons		
Drake_Nathan	Nathan Drake	histPersons		
Shakespeare	William Shakespeare	histPersons		
Elford_MrsE	Elizabeth Hall Walrond Elford	histPersons		
Mitford_Geo	George Mitford	histPersons		
Russell_M	Mary Mitford Russell	histPersons		
Mitford_Geo	George Mitford	histPersons		
James_Miss	Miss James	histPersons		
Daphne_pet	Daphne	histPersons		
MRM	Mary Russell Mitford	histPersons		
Haydon	Benjamin Robert Haydon	histPersons		
Elford_SirWm	Sir William Elford, F.R.S., F.L.S., M.P.	histPersons		
Mitford_Geo	George Mitford	histPersons		
Palmer_Mad	Madelina Palmer Gordon	histPersons		
Palmer_CF	Charles Fyshe Palmer	histPersons		
Punch	Punch	fictPersons		
Queen_Caroline	Caroline Queen Consort of the United Kingdom	histPersons		
Russell_M	Mary Mitford Russell	histPersons		
Haydon	Benjamin Robert Haydon	histPersons		
Falstaff_WS	Falstaff	fictPersons		
Napoleon	Napoleon Bonaparte	histPersons		
Chantrey_F	Francis Legatt Chantrey	histPersons		
Wordsworth_Wm	William Wordsworth	histPersons		
James_Miss	Miss James	histPersons		
	_notSI	no_SI_category		
Hill_Lucy	Lucy Hill Sweatser	histPersons		
Holford_Marg_younger	Margaret Holford Hodgson	histPersons		
Byron	George Gordon Noel Byron	histPersons		
Baillie_Joanna	Joanna Baillie	histPersons		
Byron_Annab	Annabella Anne Isabella Milbanke Noel Byron	histPersons		
Irving_Wash	Washington Irving	histPersons		
Drake_Nathan_younger	Nathan Drake	histPersons		
Goldsmith	Oliver Goldsmith	histPersons		
Young_Ed	Edward Young	histPersons		
Collins_Wm	William Collins	histPersons		
Cowper	William Cowper	histPersons		
Pope_Alex	Alexander Pope	histPersons		
Coxe	Coxe_notSI	no_SI_category		
Elford_Mr	Elford_Mr_notSI	no_SI_category		
Anacreon	Anacreon_notSI	no_SI_category		
MRM	Mary Russell Mitford	histPersons		
Monck_JB	John Berkeley Monck	histPersons		
Haydon	Benjamin Robert Haydon	histPersons		
Webb_Eliza	Eliza Elizabeth Webb	histPersons		
Mitford_Geo	George Mitford	histPersons		
	_notSI	no_SI_category		
James_Miss	Miss James	histPersons		
Queen_Caroline	Caroline Queen Consort of the United Kingdom	histPersons		
Russell_M	Mary Mitford Russell	histPersons		
Burdett_F	Sir Francis Burdett	histPersons		
Hobhouse_J	Hobhouse_J_notSI	no_SI_category		
Shakespeare	William Shakespeare	histPersons		
Danaides	Danaides_stubEntry	archOrgs		
Monck_JB	John Berkeley Monck	histPersons		
Keats	John Keats	histPersons		
Elford_SirWm	Sir William Elford, F.R.S., F.L.S., M.P.	histPersons		
Palmer_Mad	Madelina Palmer Gordon	histPersons		
Palmer_CF	Charles Fyshe Palmer	histPersons		
Queen_Caroline	Caroline Queen Consort of the United Kingdom	histPersons		
MRM	Mary Russell Mitford	histPersons		
Monck_Mrs	Mary Stephens Monck	histPersons		
Monck_JB	John Berkeley Monck	histPersons		
Fox_ChasJ	Charles James Fox	histPersons		
GeoIV	George IV King of the United Kingdom of Great Britain and Ireland	histPersons		
Liston_SarahT	Sarah Liston Tyrer	histPersons		
Queen_Dollalolla	Queen Dollalolla	fictPersons		
Pius7_Pope	Pope Pius VII	histPersons		
Napoleon	Napoleon Bonaparte	histPersons		
Scott_Wal	Walter Scott	histPersons		
MaryQoS	Queen Mary	histPersons		
Schiller_F	Johann Christoph Friedrich von Schiller	histPersons		
Alfieri_Vittorio	Vittorio Alfieri	histPersons		
Hogg_J	James Hogg	histPersons		
Dulcinea_DQ	Dulcinea del Toboso	fictPersons		
Sebastian_TN	Sebastian	fictPersons		
Viola_TN	Viola	fictPersons		
Shakespeare	William Shakespeare	histPersons		
Catherine_Ab	Catherine	fictPersons		
Henry_Ab	Henry	fictPersons		
Graham_Maria	Maria Callcott Graham Dundas	histPersons		
	_notSI	no_SI_category		
Elford_Elizabeth	Elizabeth  Elford	histPersons		
Elford_Grace	Grace Chard Elford	histPersons		
	_notSI	no_SI_category		
Elford_SirWm	Sir William Elford, F.R.S., F.L.S., M.P.	histPersons		
Queen_Caroline	Caroline Queen Consort of the United Kingdom	histPersons		
Palmer_Mad	Madelina Palmer Gordon	histPersons		
MRM	Mary Russell Mitford	histPersons		
Edgeworth_Maria	Maria Edgeworth	histPersons		
Austen_Jane	Jane Austen	histPersons		
Oldbuck_Jonathan	John Oldbuck	fictPersons		
Edie_Ochiltree	Edie Ochiltree	fictPersons		
Pleydell	Pleydell	fictPersons		
Dandie_Dinmont	Dandie Dinmont	fictPersons		
Denison_JennyWS	Denison_JennyWS_notSI	no_SI_category		
Deans_Jeanie	Deans_Jeanie_notSI	no_SI_category		
Baron_Bradwardine	Baron_Bradwardine_notSI	no_SI_category		
Meg_Merrilies	Meg Merrilies	fictPersons		
BalfoursWS	BalfoursWS_notSI	no_SI_category		
Elspeth	Elspeth	fictPersons		
White_SpiritWS	White_SpiritWS_notSI	no_SI_category		
	_notSI	no_SI_category		
Scott_Wal	Walter Scott	histPersons		
Dallas_RC	Dallas_RC_notSI	no_SI_category		
Byron	George Gordon Noel Byron	histPersons		
Mitford_Geo	George Mitford	histPersons		
Palmer_CF	Charles Fyshe Palmer	histPersons		
More_Hannah	More_Hannah_notSI	no_SI_category		
Hofland_B	Barbara Hofland Wreaks	histPersons		
Keats	John Keats	histPersons		
Hazlitt_Wm	William Hazlitt	histPersons		
Johnson	Samuel Johnson	histPersons		
Beaumont_Fr	Francis Beaumont	histPersons		
Fletcher_John	John Fletcher	histPersons		
Scott_Wal	Walter Scott	histPersons		
Milton	John Milton	histPersons		
Shakespeare	William Shakespeare	histPersons		
Rebcecca_Ivanhoe	Rebcecca_Ivanhoe_notSI	no_SI_category		
Aspatia	Aspatia	fictPersons		
Bellario	Bellario (Euphrasia)	fictPersons		
Byron	George Gordon Noel Byron	histPersons		
Oldbuck_Jonathan	John Oldbuck	fictPersons		
Edie_Olchitree	Edie_Olchitree_notSI	no_SI_category		
Pleydell	Pleydell	fictPersons		
Dandie_Dinmont	Dandie Dinmont	fictPersons		
Elspeth	Elspeth	fictPersons		
Balfour_John	John Balfour	fictPersons		
Dirk_Hatteraick	Dirk Hatteraick	fictPersons		
Meg_Merrilies	Meg Merrilies	fictPersons		
Haydon	Benjamin Robert Haydon	histPersons		
Mitford_Geo	George Mitford	histPersons		
Daphne_pet	Daphne	histPersons		
Haydon	Benjamin Robert Haydon	histPersons		
Howard_Tho	Thomas Howard	histPersons		
ElizI	Elizabeth Tudor	histPersons		
MRM	Mary Russell Mitford	histPersons		
Beaumont_Sir_Geo	George Howland Beaumont	histPersons		
	_notSI	no_SI_category		
Raphael	Raphael	histPersons		
hume	David Hume	histPersons		
Smollett_Tob	Tobias George Smollett	histPersons		
Burns_Rob	Robert Burns	histPersons		
Scott_Wal	Walter Scott	histPersons		
Wilkie_Wil	William Wilkie	histPersons		
James_Miss	Miss James	histPersons		
Watteau_Wil	Jean-Antoine Watteau	histPersons		
Mitford_Geo	George Mitford	histPersons		
Daphne_pet	Daphne	histPersons		
Haydon	Benjamin Robert Haydon	histPersons		
Howard_Tho	Thomas Howard	histPersons		
ElizI	Elizabeth Tudor	histPersons		
MRM	Mary Russell Mitford	histPersons		
Beaumont_Sir_Geo	George Howland Beaumont	histPersons		
	_notSI	no_SI_category		
Raphael	Raphael	histPersons		
hume	David Hume	histPersons		
Smollett_Tob	Tobias George Smollett	histPersons		
Burns_Rob	Robert Burns	histPersons		
Scott_Wal	Walter Scott	histPersons		
Wilkie_Wil	William Wilkie	histPersons		
James_Miss	Miss James	histPersons		
Watteau_Wil	Jean-Antoine Watteau	histPersons		
Elford_SirWm	Sir William Elford, F.R.S., F.L.S., M.P.	histPersons		
Scott_Wal	Walter Scott	histPersons		
Heber_Rich	Richard Heber	histPersons		
Lockhart_JG	John Gibson Lockhart	histPersons		
MRM	Mary Russell Mitford	histPersons		
Haydon	Benjamin Robert Haydon	histPersons		
Haydon_Mrs	Mary Hyman	histPersons		
Allan_SrWm	William Allan	histPersons		
Morris_DrP	Dr. Peter Morris	fictPersons		
Haydon_Father	Robert Benjamin Haydon	histPersons		
Haydon_Mother	Sarah Cobley Haydon	histPersons		
Dickinson_Mrs	Mrs. Dickinson	histPersons		
Macready_Wm	William Macready	histPersons		
Byron	George Gordon Noel Byron	histPersons		
Palmer_CF	Charles Fyshe Palmer	histPersons		
Palmer_Mad	Madelina Palmer Gordon	histPersons		
Valpy_Richard	Richard Valpy	histPersons		
Euripides	Euripides	histPersons		
Shakespeare	William Shakespeare	histPersons		
Dauphin_WS	The Dauphin	fictPersons		
King_Philip_WS	King Philip	fictPersons		
Aeschylus	Aeschylus	histPersons		
Sophocles	Sophocles	histPersons		
Brumoy_Pierre	Pierre Brumoy	histPersons		
Monck_JB	John Berkeley Monck	histPersons		
James_Miss	Miss James	histPersons		
James_Emily	Emily James	histPersons		
Wheeler_Kate	Kate Wheeler	histPersons		
Mitford_Geo	George Mitford	histPersons		
Webb_Eliza	Eliza Elizabeth Webb	histPersons		
Webb_James	James Webb	histPersons		
MRM	Mary Russell Mitford	histPersons		
Talfourd_Thos	Thomas Noon Talfourd	histPersons		
	_notSI	no_SI_category		
Webb_Mary_younger	Mary Elizabeth Webb	histPersons		
Webb_Eliza	Eliza Elizabeth Webb	histPersons		
James_Miss	Miss James	histPersons		
Dickinson_Mrs	Mrs. Dickinson	histPersons		
Dickinson_Daughter	Frances Vikris Dickinson	histPersons		
Broughton_Betsy	Betsy Broughton	histPersons		
Maritornes_DQ	Maritornes	fictPersons		
	_notSI	no_SI_category		
Hawley_Mr	Mr. Hawley	histPersons		
Hawley_GeneralSr	General Hawley	histPersons		
Queen_Anne	Queen Anne	histPersons		
Bennet_Mrs_fict	 Bennet	fictPersons		
Lizzy_fict	Elizabeth Bennet	fictPersons		
Darcy_fict	Fitzwilliam Darcy	fictPersons		
Maturin_Charles	Charles Maturin	histPersons		
Owenson_Sydney	Owenson_Sydney_notSI	no_SI_category		
Phillips_Chas	Charles Phillips	histPersons		
Blue_Beard	Blue_Beard_notSI	no_SI_category		
Scott_Wal	Walter Scott	histPersons		
Shakespeare	William Shakespeare	histPersons		
Raleigh_Wal	Walter Raleigh	histPersons		
Spenser_Edmund	Edmund Spenser	histPersons		
Varney_Kenil	Richard Varney	fictPersons		
Lambourne_Kenil	Michael Lambourne	fictPersons		
ElizI	Elizabeth Tudor	histPersons		
Oldbuck_Jonathan	John Oldbuck	fictPersons		
Dandie_Dinmont	Dandie Dinmont	fictPersons		
Baron_Bradwardine	Baron_Bradwardine_notSI	no_SI_category		
Elford_SirWm	Sir William Elford, F.R.S., F.L.S., M.P.	histPersons		
Lockhart_JG	John Gibson Lockhart	histPersons		
Morris_DrP	Dr. Peter Morris	fictPersons		
North_Christopher	Christopher North	fictPersons		
MRM	Mary Russell Mitford	histPersons		
Wilson_John	John Wilson	histPersons		
Scott_John	John Scott	histPersons		
Queen_Caroline	Caroline Queen Consort of the United Kingdom	histPersons		
Palmer_CF	Charles Fyshe Palmer	histPersons		
Burdett_F	Sir Francis Burdett	histPersons		
Hobhouse_JC	John Cam Hobhouse	histPersons		
Palmer_Mad	Madelina Palmer Gordon	histPersons		
Morpeth_GH	George Howard	histPersons		
Cobbett_Wm	Member of Parliament for Oldham	histPersons		
Swan_Mr	Mr. Swan	histPersons		
Mitford_Geo	George Mitford	histPersons		
Russell_M	Mary Mitford Russell	histPersons		
Monck_JB	John Berkeley Monck	histPersons		
Fieschi_GL	Giovanni Luigi Fieschi Fiesco	histPersons		
Doria_Andrea	Andrea Doria	histPersons		
Robertson_William	William Robertson	histPersons		
Schiller_F	Johann Christoph Friedrich von Schiller	histPersons		
Fuseli_H	Henry Fuseli	histPersons		
Mitford_Geo	George Mitford	histPersons		
Talfourd_Thos	Thomas Noon Talfourd	histPersons		
James_Miss	Miss James	histPersons		
John_Apostle	John the Apostle	histPersons		
Jesus	Jesus	histPersons		
Lazarus	Lazarus	archPersons		
Haydon	Benjamin Robert Haydon	histPersons		
Daphne_pet	Daphne	histPersons		
Keats	John Keats	histPersons		
Russell_M	Mary Mitford Russell	histPersons		
MRM	Mary Russell Mitford	histPersons		
Haydon	Benjamin Robert Haydon	histPersons		
James_Miss	Miss James	histPersons		
Scott_John	John Scott	histPersons		
Talfourd_Thos	Thomas Noon Talfourd	histPersons		
Lockhart_JG	John Gibson Lockhart	histPersons		
Smith_Horace	Horace Smith	histPersons		
Patemore_PG	Peter George Patmore	histPersons		
Hunt_Robert	Robert Hunt	histPersons		
Daphne_pet	Daphne	histPersons		
Mitford_Geo	George Mitford	histPersons		
Russell_M	Mary Mitford Russell	histPersons		
Elford_SirWm	Sir William Elford, F.R.S., F.L.S., M.P.	histPersons		
Macready_Wm	William Macready	histPersons		
Talfourd_Thos	Thomas Noon Talfourd	histPersons		
Fiesco_fict	Fiesco	fictPersons		
Chas_Grandison_fict	Sir Charles Grandison	fictPersons		
James_Miss	Miss James	histPersons		
Baldwin_R	Robert Baldwin	histPersons		
MRM	Mary Russell Mitford	histPersons		
	_notSI	no_SI_category		
Haydon	Benjamin Robert Haydon	histPersons		
	_notSI	no_SI_category		
Christie_JH	Jonathan Henry Christie	histPersons		
Lockhart_JG	John Gibson Lockhart	histPersons		
Hazlitt_Wm	William Hazlitt	histPersons		
MRM	Mary Russell Mitford	histPersons		
Scott_John	John Scott	histPersons		
Hofland_B	Barbara Hofland Wreaks	histPersons		
James_Miss	Miss James	histPersons		
Hofland_TC	Thomas Christopher Hofland	histPersons		
Ferdinand_I	Ferdinand I King of the Two Sicilies	histPersons		
Ashburton_Lord	Alexander Baring	histPersons		
Elford_SirWm	Sir William Elford, F.R.S., F.L.S., M.P.	histPersons		
Wellington_Duke	Arthur Wellesley	histPersons		
Napoleon	Napoleon Bonaparte	histPersons		
Mitford_Geo	George Mitford	histPersons		
Russell_M	Mary Mitford Russell	histPersons		
Keats	John Keats	histPersons		
Wordsworth_Wm	William Wordsworth	histPersons		
Elford_SirWm	Sir William Elford, F.R.S., F.L.S., M.P.	histPersons		
Monck_JB	John Berkeley Monck	histPersons		
Haydon	Benjamin Robert Haydon	histPersons		
MRM	Mary Russell Mitford	histPersons		
Hofland_TC	Thomas Christopher Hofland	histPersons		
Hofland_B	Barbara Hofland Wreaks	histPersons		
James_Miss	Miss James	histPersons		
	_notSI	no_SI_category		
Dickinson_Charles	Charles Dickinson	histPersons		
Wellington_Duke	Arthur Wellesley	histPersons		
Palmer_CF	Charles Fyshe Palmer	histPersons		
Palmer_Mad	Madelina Palmer Gordon	histPersons		
Macready_Wm	William Macready	histPersons		
Talfourd_Thos	Thomas Noon Talfourd	histPersons		
Mitford_Geo	George Mitford	histPersons		
Russell_M	Mary Mitford Russell	histPersons		
Keats	John Keats	histPersons		
Johnson_Mr	John Johnson	histPersons	Letter to B.R. Haydon, 2 May 1821.	Keats
Johnson_Mr	John Johnson	histPersons	Letter to B.R. Haydon, 2 May 1821.	Johnson_Mr
Johnson_Mr	John Johnson	histPersons	Letter to B.R. Haydon, 2 May 1821.	Johnson_Miss
Johnson_Mr	John Johnson	histPersons	Letter to B.R. Haydon, 2 May 1821.	Northmore_Thos
Johnson_Mr	John Johnson	histPersons	Letter to B.R. Haydon, 2 May 1821.	James_Miss
Johnson_Mr	John Johnson	histPersons	Letter to B.R. Haydon, 2 May 1821.	Baldwin_R
Johnson_Mr	John Johnson	histPersons	Letter to B.R. Haydon, 2 May 1821.	Talfourd_TN
Johnson_Mr	John Johnson	histPersons	Letter to B.R. Haydon, 2 May 1821.	Haydon
Johnson_Mr	John Johnson	histPersons	Letter to B.R. Haydon, 2 May 1821.	Mitford_Geo
Johnson_Mr	John Johnson	histPersons	Letter to B.R. Haydon, 2 May 1821.	Macready_Wm
Johnson_Mr	John Johnson	histPersons	Letter to B.R. Haydon, 2 May 1821.	Talfourd_Thos
Johnson_Mr	John Johnson	histPersons	Letter to B.R. Haydon, 2 May 1821.	
Johnson_Mr	John Johnson	histPersons	Letter to B.R. Haydon, 2 May 1821.	Daphne_pet
Johnson_Mr	John Johnson	histPersons	Letter to B.R. Haydon, 2 May 1821.	MRM
Johnson_Mr	John Johnson	histPersons	Letter to B.R. Haydon, 2 May 1821.	Hofland_TC
Johnson_Mr	John Johnson	histPersons	Letter to B.R. Haydon, 2 May 1821.	Johnson_Mr #Johnson_Miss
Johnson_Miss	 Johnson	histPersons		
Northmore_Thos	Thomas Northmore	histPersons		
	_notSI	no_SI_category		
James_Miss	Miss James	histPersons		
Baldwin_R	Robert Baldwin	histPersons		
Talfourd_TN	Talfourd_TN_notSI	no_SI_category		
Haydon	Benjamin Robert Haydon	histPersons		
Mitford_Geo	George Mitford	histPersons		
Macready_Wm	William Macready	histPersons		
Talfourd_Thos	Thomas Noon Talfourd	histPersons		
Daphne_pet	Daphne	histPersons		
MRM	Mary Russell Mitford	histPersons		
Hofland_TC	Thomas Christopher Hofland	histPersons		
Johnson_Mr #Johnson_Miss	Johnson_Mr #Johnson_Miss_notSI	no_SI_category		
Talfourd_Thos	Thomas Noon Talfourd	histPersons		
James_Miss	Miss James	histPersons		
Hofland_B	Barbara Hofland Wreaks	histPersons		
Doge_F_hist	Doge Foscari	histPersons		
Cosmo	Cosmo Donato	fictPersons		
Donato_hist	 Donato	histPersons		
Moore_DrJ	John Moore	histPersons		
Foscari_son_hist	Jacopo Foscari	histPersons		
Doge_F	Doge Foscari	fictPersons		
Donato	 Donato	fictPersons		
Foscari_Fr	Francesco Foscari	fictPersons		
Camilla	Camilla Donato	fictPersons		
Kemble_C	Charles Kemble	histPersons		
Macready_Wm	William Macready	histPersons		
Mitford_Geo	George Mitford	histPersons		
Wakefield_D	Daniel Wakefield	histPersons		
Valpy_Richard	Richard Valpy	histPersons		
coles	William Allan Coles	Past_Editors		
Baldwin_R	Robert Baldwin	histPersons		
Croly_G	George Croly	histPersons		
Dickinson_Mrs	Mrs. Dickinson	histPersons		
Mitford_Geo	George Mitford	histPersons		
Russell_M	Mary Mitford Russell	histPersons		
Elford_MrsE	Elizabeth Hall Walrond Elford	histPersons		
Palmer_CF	Charles Fyshe Palmer	histPersons		
Monck_JB	John Berkeley Monck	histPersons		
Ferdinand_I	Ferdinand I King of the Two Sicilies	histPersons		
Johnson_Mr	John Johnson	histPersons		
Northmore_Thos	Thomas Northmore	histPersons		
Johnson_Miss	 Johnson	histPersons		
	_notSI	no_SI_category		
Bowles_Wm	William Lisle Bowles	histPersons		
Valpy_Richard	Richard Valpy	histPersons		
Newman	Newman_notSI	no_SI_category		
Elford_SirWm	Sir William Elford, F.R.S., F.L.S., M.P.	histPersons		
Valpy_Pen	Valpy_Pen_notSI	no_SI_category		
Byron	George Gordon Noel Byron	histPersons		
Pius7_Pope	Pope Pius VII	histPersons		
MRM	Mary Russell Mitford	histPersons		
Elford_J	Jonathan Elford	histPersons		
Doge_F_hist	Doge Foscari	histPersons		
Talfourd_Thos	Thomas Noon Talfourd	histPersons		
Monck_JB	John Berkeley Monck	histPersons		
Hofland_B	Barbara Hofland Wreaks	histPersons		
Doge_F_hist	Doge Foscari	histPersons		
	_notSI	no_SI_category		
Erizzo	Erizzo	fictPersons		
Baldwin_R	Robert Baldwin	histPersons		
Colburn	Henry Colburn	histPersons		
Mitford_Geo	George Mitford	histPersons		
May_J	James May	histPersons		
M_Russell	M_Russell_notSI	no_SI_category		
MRM	Mary Russell Mitford	histPersons		
Macready_Wm	William Macready	histPersons		
Sforza	Sforza	fictPersons		
ElizI	Elizabeth Tudor	histPersons		
Doge_F	Doge Foscari	fictPersons		
Talfourd_Thos	Thomas Noon Talfourd	histPersons		
Valpy_Richard	Richard Valpy	histPersons		
Mitford_Geo	George Mitford	histPersons		
James_Miss	Miss James	histPersons		
Macready_Wm	William Macready	histPersons		
Doge_F	Doge Foscari	fictPersons		
Quayle_Mr	Mr. Quayle	histPersons		
Homer	Homer	histPersons		
Sophocles	Sophocles	histPersons		
Burgess	Mr. Burgess	histPersons		
Culpepper_Mrs	Martha Carteretta Cornelia Valpy Straker Culpeper	histPersons		
MRM	Mary Russell Mitford	histPersons		
Byron	George Gordon Noel Byron	histPersons		
Quayle_Mr	Mr. Quayle	histPersons		
Doge_F_hist	Doge Foscari	histPersons		
coles	William Allan Coles	Past_Editors		
Smith_Ad	Adam Smith	histPersons		
Murray_John	John Murray	histPersons		
Talfourd_Thos	Thomas Noon Talfourd	histPersons		
Macready_Wm	William Macready	histPersons		
Young_CM	Charles Mayne Young	histPersons		
Camilla	Camilla Donato	fictPersons		
Foscari_Fr	Francesco Foscari	fictPersons		
Harris_Henry	Henry Harris	histPersons		
James_Miss	Miss James	histPersons		
Milman_HH	Henry Hart Milman	histPersons		
WindsorEE_ed	Windsor "paper man"	histPersons		
Cowslade_F	Francis Cowslade	histPersons		
Orestes_Eur_char	Orestes	fictPersons		
Euripides	Euripides	histPersons		
Aeschylus	Aeschylus	histPersons		
Shakespeare	William Shakespeare	histPersons		
Cassandra	Cassandra	fictPersons		
Fletcher_John	John Fletcher	histPersons		
Prometheus_Aes_char	Prometheus	fictPersons		
Burgess	Mr. Burgess	histPersons		
postman_TMC	The Three Mile Cross postman (in 1821)	histPersons		
Mitford_Geo	George Mitford	histPersons		
Russell_M	Mary Mitford Russell	histPersons		
MRM	Mary Russell Mitford	histPersons		
James_Miss	Miss James	histPersons		
Haydon_Mrs	Mary Hyman	histPersons		
Byron	George Gordon Noel Byron	histPersons		
Foscari_Fr	Francesco Foscari	fictPersons		
Talfourd_Thos	Thomas Noon Talfourd	histPersons		
Macready_Wm	William Macready	histPersons		
Euripides	Euripides	histPersons		
Potter_R	Robert Potter	histPersons		
Michelangelo	Michelangelo	histPersons		
Mitford_Geo	George Mitford	histPersons		
Russell_M	Mary Mitford Russell	histPersons		
Taylor_John	John Taylor	histPersons		
Mitford_Geo	George Mitford	histPersons		
Macready_Wm	William Macready	histPersons		
Robins_Geo	George Henry Robins	histPersons		
Quayle_Mr	Mr. Quayle	histPersons		
Milman_HH	Henry Hart Milman	histPersons		
Newberry_J	Jacob Newberry	histPersons		
Russell_M	Mary Mitford Russell	histPersons		
Talfourd_Thos	Thomas Noon Talfourd	histPersons		
MRM	Mary Russell Mitford	histPersons		
Monck_JB	John Berkeley Monck	histPersons		
Macready_Wm	William Macready	histPersons		
Milman_HH	Henry Hart Milman	histPersons		
Erizzo	Erizzo	fictPersons		
	_notSI	no_SI_category		
Pisani_F	Count Pisani	fictPersons		
Donato	 Donato	fictPersons	Letter to T.N. Talfourd, [16 November] 1821	Macready_Wm
Donato	 Donato	fictPersons	Letter to T.N. Talfourd, [16 November] 1821	Milman_HH
Donato	 Donato	fictPersons	Letter to T.N. Talfourd, [16 November] 1821	Erizzo
Donato	 Donato	fictPersons	Letter to T.N. Talfourd, [16 November] 1821	Pisani_F
Donato	 Donato	fictPersons	Letter to T.N. Talfourd, [16 November] 1821	Donato
Donato	 Donato	fictPersons	Letter to T.N. Talfourd, [16 November] 1821	Laura_F
Donato	 Donato	fictPersons	Letter to T.N. Talfourd, [16 November] 1821	Doge_F
Donato	 Donato	fictPersons	Letter to T.N. Talfourd, [16 November] 1821	Olivia_F
Donato	 Donato	fictPersons	Letter to T.N. Talfourd, [16 November] 1821	Camilla
Donato	 Donato	fictPersons	Letter to T.N. Talfourd, [16 November] 1821	Foscari_Fr
Donato	 Donato	fictPersons	Letter to T.N. Talfourd, [16 November] 1821	Quayle_Mr
Donato	 Donato	fictPersons	Letter to T.N. Talfourd, [16 November] 1821	Mitford_Geo
Donato	 Donato	fictPersons	Letter to T.N. Talfourd, [16 November] 1821	M_Russell
Donato	 Donato	fictPersons	Letter to T.N. Talfourd, [16 November] 1821	MRM
Donato	 Donato	fictPersons	Letter to T.N. Talfourd, [16 November] 1821	Talfourd_Thos
Laura_F	Laura	fictPersons		
Doge_F	Doge Foscari	fictPersons		
Olivia_F	Olivia	fictPersons		
Camilla	Camilla Donato	fictPersons		
Foscari_Fr	Francesco Foscari	fictPersons		
Quayle_Mr	Mr. Quayle	histPersons		
Mitford_Geo	George Mitford	histPersons		
M_Russell	M_Russell_notSI	no_SI_category		
MRM	Mary Russell Mitford	histPersons		
Talfourd_Thos	Thomas Noon Talfourd	histPersons		
Macready_Wm	William Macready	histPersons		
Foscari_Fr	Francesco Foscari	fictPersons		
	_notSI	no_SI_category		
MRM	Mary Russell Mitford	histPersons		
Talfourd_Thos	Thomas Noon Talfourd	histPersons		
Monck_JB	John Berkeley Monck	histPersons		
Talfourd_Thos	Thomas Noon Talfourd	histPersons		
Macready_Wm	William Macready	histPersons		
Erizzo	Erizzo	fictPersons		
Foscari_Fr	Francesco Foscari	fictPersons		
Doge_F	Doge Foscari	fictPersons		
Cosmo	Cosmo Donato	fictPersons		
Jailer_F	Jailer	fictPersons		
Valpy_Richard	Richard Valpy	histPersons		
	_notSI	no_SI_category		
Bennet_G	The Honourable Henry Grey Bennet	histPersons		
Hume_Jos	Joseph Hume	histPersons		
Burgess	Mr. Burgess	histPersons		
Sophocles	Sophocles	histPersons		
Coleridge_ST	Samuel Taylor Coleridge	histPersons		
Euripides	Euripides	histPersons		
Mitford_Geo	George Mitford	histPersons		
M_Russell	M_Russell_notSI	no_SI_category		
MRM	Mary Russell Mitford	histPersons		
Macready_Wm	William Macready	histPersons		
Valpy_Richard	Richard Valpy	histPersons		
Cobbett_Wm	Member of Parliament for Oldham	histPersons		
Euripides	Euripides	histPersons		
Kemble_C	Charles Kemble	histPersons		
James_Miss	Miss James	histPersons		
GastonII	Gaston II count of Foix	histPersons		
GastonIII	Gaston III count of Foix	histPersons		
Froissart	Jean Froissart	histPersons		
Valpy_John	Abraham John Valpy	histPersons		
Bayley_P	Peter Bayley	histPersons		
Nooth_C	Charlotte Nooth	histPersons		
Procter_BW	Bryan Waller Procter	histPersons		
Mitford_Geo	George Mitford	histPersons		
Soane_G	George Soane	histPersons		
MRM	Mary Russell Mitford	histPersons		
Milman_HH	Henry Hart Milman	histPersons		
Talfourd_Thos	Thomas Noon Talfourd	histPersons		
Kemble_C	Charles Kemble	histPersons		
Kemble_MrsC	Maria Therese de Camp Kemble	histPersons		
Scott_Wal	Walter Scott	histPersons		
DAlba	Count D'Alba	fictPersons		
Julian	Julian	fictPersons		
Annabel_J	Annabel	fictPersons		
Jonson_B	Ben Jonson	histPersons		
Massinger_Phil	Philip Massinger	histPersons		
	_notSI	no_SI_category		
Russell_M	Mary Mitford Russell	histPersons		
Talfourd_Thos	Thomas Noon Talfourd	histPersons		
MRM	Mary Russell Mitford	histPersons		
Coutts_HM	Harriot Mellon Coutts Beauclerk,Duchess of St. Albans	histPersons		
Macready_Wm	William Macready	histPersons		
Mitford_Geo	George Mitford	histPersons		
Monck_JB	John Berkeley Monck	histPersons		
Kemble_C	Charles Kemble	histPersons		
MRM	Mary Russell Mitford	histPersons		
Mitford_Geo	George Mitford	histPersons		
Macready_Wm	William Macready	histPersons		
Doge_F	Doge Foscari	fictPersons		
Hofland_B	Barbara Hofland Wreaks	histPersons		
coles	William Allan Coles	Past_Editors		
Wordsworth_Wm	William Wordsworth	histPersons		
Campbell_Thos	Thomas Campbell	histPersons		
Talfourd_Thos	Thomas Noon Talfourd	histPersons		
Talfourd_Thos	Thomas Noon Talfourd	histPersons		
Berghem	Nicholaes Pieterszoon Berchem Berghem	histPersons		
coles	William Allan Coles	Past_Editors		
MRM	Mary Russell Mitford	histPersons		
Mitford_Geo	George Mitford	histPersons		
Russell_M	Mary Mitford Russell	histPersons		
Valpy_Richard	Richard Valpy	histPersons		
Talfourd_Mrs	Rachel Talfourd Rutt	histPersons		
Camilla	Camilla Donato	fictPersons		
Doge_F	Doge Foscari	fictPersons		
Kemble_C	Charles Kemble	histPersons		
Kemble_MrsC	Maria Therese de Camp Kemble	histPersons		
Cassandra	Cassandra	fictPersons		
Palmer_CF	Charles Fyshe Palmer	histPersons		
Lamb_Mary	Mary Lamb	histPersons		
	_notSI	no_SI_category		
Talfourd_Thos	Thomas Noon Talfourd	histPersons		
Berghem	Nicholaes Pieterszoon Berchem Berghem	histPersons		
Mitford_Geo	George Mitford	histPersons		
M_Russell	M_Russell_notSI	no_SI_category		
Valpy_Richard	Richard Valpy	histPersons		
Talfourd_Mrs	Rachel Talfourd Rutt	histPersons		
Camilla	Camilla Donato	fictPersons		
Doge_F	Doge Foscari	fictPersons		
Kemble_C	Charles Kemble	histPersons		
Kemble_MrsC	Maria Therese de Camp Kemble	histPersons		
Cassandra	Cassandra	fictPersons		
MRM	Mary Russell Mitford	histPersons		
Mr_Palmer	Mr_Palmer_notSI	no_SI_category		
Lamb_Mary	Mary Lamb	histPersons		
Haydon	Benjamin Robert Haydon	histPersons		
Hofland_B	Barbara Hofland Wreaks	histPersons		
Elliston_Robt	Robert William Elliston	histPersons		
Macready_Wm	William Macready	histPersons		
Shakespeare	William Shakespeare	histPersons		
	_notSI	no_SI_category		
Bewick_Wm	William Bewick	histPersons		
Chatfield_Mr	Edward Chatfield	histPersons		
MRM	Mary Russell Mitford	histPersons		
Mitford_Geo	George Mitford	histPersons		
Russell_M	Mary Mitford Russell	histPersons		
Wordsworth_Wm	William Wordsworth	histPersons		
Hazlitt_Wm	William Hazlitt	histPersons		
Keats	John Keats	histPersons		
	_notSI	no_SI_category		
DameWilson	DameWilson_notSI	no_SI_category		
Hobbema	Hobbema_notSI	no_SI_category		
Ruydsdael	Ruydsdael_notSI	no_SI_category		
JohnWilson	JohnWilson_notSI	no_SI_category		
RobertEllis	RobertEllis_notSI	no_SI_category		
SusanWilson	SusanWilson_notSI	no_SI_category		
HannahWilson	HannahWilson_notSI	no_SI_category	Our Village: Sketches of Rural Character and Scenery: Preface	DameWilson
HannahWilson	HannahWilson_notSI	no_SI_category	Our Village: Sketches of Rural Character and Scenery: Preface	Hobbema
HannahWilson	HannahWilson_notSI	no_SI_category	Our Village: Sketches of Rural Character and Scenery: Preface	Ruydsdael
HannahWilson	HannahWilson_notSI	no_SI_category	Our Village: Sketches of Rural Character and Scenery: Preface	JohnWilson
HannahWilson	HannahWilson_notSI	no_SI_category	Our Village: Sketches of Rural Character and Scenery: Preface	RobertEllis
HannahWilson	HannahWilson_notSI	no_SI_category	Our Village: Sketches of Rural Character and Scenery: Preface	SusanWilson
HannahWilson	HannahWilson_notSI	no_SI_category	Our Village: Sketches of Rural Character and Scenery: Preface	HannahWilson
HannahWilson	HannahWilson_notSI	no_SI_category	Our Village: Sketches of Rural Character and Scenery: Preface	Clerk
HannahWilson	HannahWilson_notSI	no_SI_category	Our Village: Sketches of Rural Character and Scenery: Preface	Cupid
HannahWilson	HannahWilson_notSI	no_SI_category	Our Village: Sketches of Rural Character and Scenery: Preface	WilliamSmith
HannahWilson	HannahWilson_notSI	no_SI_category	Our Village: Sketches of Rural Character and Scenery: Preface	
HannahWilson	HannahWilson_notSI	no_SI_category	Our Village: Sketches of Rural Character and Scenery: Preface	MrSmiththeHatter
HannahWilson	HannahWilson_notSI	no_SI_category	Our Village: Sketches of Rural Character and Scenery: Preface	OVNarratorsFather
HannahWilson	HannahWilson_notSI	no_SI_category	Our Village: Sketches of Rural Character and Scenery: Preface	Lucy
Clerk	Clerk_notSI	no_SI_category		
Cupid	Cupid_stubEntry	fictPersons		
WilliamSmith	WilliamSmith_notSI	no_SI_category		
	_notSI	no_SI_category		
MrSmiththeHatter	MrSmiththeHatter_notSI	no_SI_category		
OVNarratorsFather	OVNarratorsFather_notSI	no_SI_category		
Lucy	Lucy_notSI	no_SI_category		
	_notSI	no_SI_category		
Addison_J	Addison_J_notSI	no_SI_category		
GeoII	GeoII_notSI	no_SI_category		
Gulliver	Gulliver_notSI	no_SI_category		
MrsTheodosia	MrsTheodosia_notSI	no_SI_category		
MrsFrances	MrsFrances_notSI	no_SI_category		
Richardson_Samuel	Richardson_Samuel_notSI	no_SI_category		
	_notSI	no_SI_category		
Collier_Margaret	Collier_Margaret_notSI	no_SI_category		
Chapone_Hester	Chapone_Hester_notSI	no_SI_category		
Hume_D	Hume_D_notSI	no_SI_category		
OVModAntiqueServingMaid	OVModAntiqueServingMaid_notSI	no_SI_category		
ModAntiqueBrother	ModAntiqueBrother_notSI	no_SI_category		
OVNarratorsMother	OVNarratorsMother_notSI	no_SI_category		
Barbauld_AL	Barbauld_AL_notSI	no_SI_category		
Lucy_Selby #Nancy_Selby	Lucy_Selby #Nancy_Selby_notSI	no_SI_category		
Nancy_Selby	Nancy_Selby_notSI	no_SI_category		
Lady_G	Lady_G_notSI	no_SI_category		
Harriet_Byron	Harriet_Byron_notSI	no_SI_category		
Emily_Jervois	Emily_Jervois_notSI	no_SI_category		
Clementina	Clementina_notSI	no_SI_category		
Charles_Grandison	Charles_Grandison_notSI	no_SI_category		
ModAntiqueBeau	ModAntiqueBeau_notSI	no_SI_category	Our Village: Sketches of Rural Character and Scenery: Preface	Addison_J
ModAntiqueBeau	ModAntiqueBeau_notSI	no_SI_category	Our Village: Sketches of Rural Character and Scenery: Preface	GeoII
ModAntiqueBeau	ModAntiqueBeau_notSI	no_SI_category	Our Village: Sketches of Rural Character and Scenery: Preface	Gulliver
ModAntiqueBeau	ModAntiqueBeau_notSI	no_SI_category	Our Village: Sketches of Rural Character and Scenery: Preface	MrsTheodosia
ModAntiqueBeau	ModAntiqueBeau_notSI	no_SI_category	Our Village: Sketches of Rural Character and Scenery: Preface	MrsFrances
ModAntiqueBeau	ModAntiqueBeau_notSI	no_SI_category	Our Village: Sketches of Rural Character and Scenery: Preface	Richardson_Samuel
ModAntiqueBeau	ModAntiqueBeau_notSI	no_SI_category	Our Village: Sketches of Rural Character and Scenery: Preface	
ModAntiqueBeau	ModAntiqueBeau_notSI	no_SI_category	Our Village: Sketches of Rural Character and Scenery: Preface	Collier_Margaret
ModAntiqueBeau	ModAntiqueBeau_notSI	no_SI_category	Our Village: Sketches of Rural Character and Scenery: Preface	Chapone_Hester
ModAntiqueBeau	ModAntiqueBeau_notSI	no_SI_category	Our Village: Sketches of Rural Character and Scenery: Preface	Hume_D
ModAntiqueBeau	ModAntiqueBeau_notSI	no_SI_category	Our Village: Sketches of Rural Character and Scenery: Preface	OVModAntiqueServingMaid
ModAntiqueBeau	ModAntiqueBeau_notSI	no_SI_category	Our Village: Sketches of Rural Character and Scenery: Preface	ModAntiqueBrother
ModAntiqueBeau	ModAntiqueBeau_notSI	no_SI_category	Our Village: Sketches of Rural Character and Scenery: Preface	OVNarratorsMother
ModAntiqueBeau	ModAntiqueBeau_notSI	no_SI_category	Our Village: Sketches of Rural Character and Scenery: Preface	Barbauld_AL
ModAntiqueBeau	ModAntiqueBeau_notSI	no_SI_category	Our Village: Sketches of Rural Character and Scenery: Preface	Lucy_Selby #Nancy_Selby
ModAntiqueBeau	ModAntiqueBeau_notSI	no_SI_category	Our Village: Sketches of Rural Character and Scenery: Preface	Nancy_Selby
ModAntiqueBeau	ModAntiqueBeau_notSI	no_SI_category	Our Village: Sketches of Rural Character and Scenery: Preface	Lady_G
ModAntiqueBeau	ModAntiqueBeau_notSI	no_SI_category	Our Village: Sketches of Rural Character and Scenery: Preface	Harriet_Byron
ModAntiqueBeau	ModAntiqueBeau_notSI	no_SI_category	Our Village: Sketches of Rural Character and Scenery: Preface	Emily_Jervois
ModAntiqueBeau	ModAntiqueBeau_notSI	no_SI_category	Our Village: Sketches of Rural Character and Scenery: Preface	Clementina
ModAntiqueBeau	ModAntiqueBeau_notSI	no_SI_category	Our Village: Sketches of Rural Character and Scenery: Preface	Charles_Grandison
ModAntiqueBeau	ModAntiqueBeau_notSI	no_SI_category	Our Village: Sketches of Rural Character and Scenery: Preface	ModAntiqueBeau
ModAntiqueBeau	ModAntiqueBeau_notSI	no_SI_category	Our Village: Sketches of Rural Character and Scenery: Preface	Don_Quixote
ModAntiqueBeau	ModAntiqueBeau_notSI	no_SI_category	Our Village: Sketches of Rural Character and Scenery: Preface	OVNarrator
Don_Quixote	Don_Quixote_notSI	no_SI_category		
OVNarrator	OVNarrator_stubEntry	fictPersons		
OVNarrator	OVNarrator_stubEntry	fictPersons		
Austen_Jane	Jane Austen	histPersons		
WhiteGilbert	White Gilbert	histPersons		
RobinsonCrusoe	RobinsonCrusoe_notSI	no_SI_category		
Friday	Friday_stubEntry	fictPersons		
	_notSI	no_SI_category		
Prospero	Prospero	fictPersons		
Miranda	Miranda_stubEntry	fictPersons		
Caliban	Caliban_stubEntry	fictPersons		
Ariel	Ariel_stubEntry	fictPersons		
Dryden	John Dryden	histPersons		
RetiredPublican	RetiredPublican_stubEntry	fictPersons		
RetiredPublicansWife	RetiredPublicansWife_stubEntry	fictPersons		
Queen_Caroline	Caroline Queen Consort of the United Kingdom	histPersons		
Shoemaker	Shoemaker_stubEntry	fictPersons		
ShoemakersDaughter	ShoemakersDaughter_stubEntry	fictPersons		
Blacksmith	Blacksmith_stubEntry	fictPersons		
BlacksmithsWife	BlacksmithsWife_stubEntry	fictPersons		
Hogarth	William Hogarth	histPersons		
BustlingDame	BustlingDame_stubEntry	fictPersons		
Shopkeeper	Shopkeeper_stubEntry	fictPersons		
ShopkeepersWife	ShopkeepersWife_stubEntry	fictPersons		
ShopkeepersLodger1	ShopkeepersLodger1_stubEntry	fictPersons		
ShopkeepersLodger2	ShopkeepersLodger2_stubEntry	fictPersons		
landlord	landlord_notSI	no_SI_category		
RoseInnLandlord	RoseInnLandlord_stubEntry	fictPersons		
RoseInnLandlordsWife	RoseInnLandlordsWife_stubEntry	fictPersons		
RoseInnLandlordsSon	RoseInnLandlordsSon_stubEntry	fictPersons		
Phoebe	Phoebe_stubEntry	fictPersons		
RecruitingSerjeant	RecruitingSerjeant_stubEntry	fictPersons		
Serjeant_Kite	Serjeant_Kite_notSI	no_SI_category		
WhimsicalPerson	WhimsicalPerson_stubEntry	fictPersons		
Penelope	Penelope_stubEntry	fictPersons		
LizzysFather	LizzysFather_stubEntry	fictPersons		
LizzysMother	LizzysMother_stubEntry	fictPersons		
Lizzy	Lizzy_stubEntry	fictPersons	Our Village: Sketches of Rural Character and Scenery: Preface	OVNarrator
Lizzy	Lizzy_stubEntry	fictPersons	Our Village: Sketches of Rural Character and Scenery: Preface	Austen_Jane
Lizzy	Lizzy_stubEntry	fictPersons	Our Village: Sketches of Rural Character and Scenery: Preface	WhiteGilbert
Lizzy	Lizzy_stubEntry	fictPersons	Our Village: Sketches of Rural Character and Scenery: Preface	RobinsonCrusoe
Lizzy	Lizzy_stubEntry	fictPersons	Our Village: Sketches of Rural Character and Scenery: Preface	Friday
Lizzy	Lizzy_stubEntry	fictPersons	Our Village: Sketches of Rural Character and Scenery: Preface	
Lizzy	Lizzy_stubEntry	fictPersons	Our Village: Sketches of Rural Character and Scenery: Preface	Prospero
Lizzy	Lizzy_stubEntry	fictPersons	Our Village: Sketches of Rural Character and Scenery: Preface	Miranda
Lizzy	Lizzy_stubEntry	fictPersons	Our Village: Sketches of Rural Character and Scenery: Preface	Caliban
Lizzy	Lizzy_stubEntry	fictPersons	Our Village: Sketches of Rural Character and Scenery: Preface	Ariel
Lizzy	Lizzy_stubEntry	fictPersons	Our Village: Sketches of Rural Character and Scenery: Preface	Dryden
Lizzy	Lizzy_stubEntry	fictPersons	Our Village: Sketches of Rural Character and Scenery: Preface	RetiredPublican
Lizzy	Lizzy_stubEntry	fictPersons	Our Village: Sketches of Rural Character and Scenery: Preface	RetiredPublicansWife
Lizzy	Lizzy_stubEntry	fictPersons	Our Village: Sketches of Rural Character and Scenery: Preface	Queen_Caroline
Lizzy	Lizzy_stubEntry	fictPersons	Our Village: Sketches of Rural Character and Scenery: Preface	Shoemaker
Lizzy	Lizzy_stubEntry	fictPersons	Our Village: Sketches of Rural Character and Scenery: Preface	ShoemakersDaughter
Lizzy	Lizzy_stubEntry	fictPersons	Our Village: Sketches of Rural Character and Scenery: Preface	Blacksmith
Lizzy	Lizzy_stubEntry	fictPersons	Our Village: Sketches of Rural Character and Scenery: Preface	BlacksmithsWife
Lizzy	Lizzy_stubEntry	fictPersons	Our Village: Sketches of Rural Character and Scenery: Preface	Hogarth
Lizzy	Lizzy_stubEntry	fictPersons	Our Village: Sketches of Rural Character and Scenery: Preface	BustlingDame
Lizzy	Lizzy_stubEntry	fictPersons	Our Village: Sketches of Rural Character and Scenery: Preface	Shopkeeper
Lizzy	Lizzy_stubEntry	fictPersons	Our Village: Sketches of Rural Character and Scenery: Preface	ShopkeepersWife
Lizzy	Lizzy_stubEntry	fictPersons	Our Village: Sketches of Rural Character and Scenery: Preface	ShopkeepersLodger1
Lizzy	Lizzy_stubEntry	fictPersons	Our Village: Sketches of Rural Character and Scenery: Preface	ShopkeepersLodger2
Lizzy	Lizzy_stubEntry	fictPersons	Our Village: Sketches of Rural Character and Scenery: Preface	landlord
Lizzy	Lizzy_stubEntry	fictPersons	Our Village: Sketches of Rural Character and Scenery: Preface	RoseInnLandlord
Lizzy	Lizzy_stubEntry	fictPersons	Our Village: Sketches of Rural Character and Scenery: Preface	RoseInnLandlordsWife
Lizzy	Lizzy_stubEntry	fictPersons	Our Village: Sketches of Rural Character and Scenery: Preface	RoseInnLandlordsSon
Lizzy	Lizzy_stubEntry	fictPersons	Our Village: Sketches of Rural Character and Scenery: Preface	Phoebe
Lizzy	Lizzy_stubEntry	fictPersons	Our Village: Sketches of Rural Character and Scenery: Preface	RecruitingSerjeant
Lizzy	Lizzy_stubEntry	fictPersons	Our Village: Sketches of Rural Character and Scenery: Preface	Serjeant_Kite
Lizzy	Lizzy_stubEntry	fictPersons	Our Village: Sketches of Rural Character and Scenery: Preface	WhimsicalPerson
Lizzy	Lizzy_stubEntry	fictPersons	Our Village: Sketches of Rural Character and Scenery: Preface	Penelope
Lizzy	Lizzy_stubEntry	fictPersons	Our Village: Sketches of Rural Character and Scenery: Preface	LizzysFather
Lizzy	Lizzy_stubEntry	fictPersons	Our Village: Sketches of Rural Character and Scenery: Preface	LizzysMother
Lizzy	Lizzy_stubEntry	fictPersons	Our Village: Sketches of Rural Character and Scenery: Preface	Lizzy
Lizzy	Lizzy_stubEntry	fictPersons	Our Village: Sketches of Rural Character and Scenery: Preface	Napoleon
Lizzy	Lizzy_stubEntry	fictPersons	Our Village: Sketches of Rural Character and Scenery: Preface	May-flower
Lizzy	Lizzy_stubEntry	fictPersons	Our Village: Sketches of Rural Character and Scenery: Preface	WheelersWife
Lizzy	Lizzy_stubEntry	fictPersons	Our Village: Sketches of Rural Character and Scenery: Preface	Wheeler
Lizzy	Lizzy_stubEntry	fictPersons	Our Village: Sketches of Rural Character and Scenery: Preface	Curate
Lizzy	Lizzy_stubEntry	fictPersons	Our Village: Sketches of Rural Character and Scenery: Preface	Mason
Lizzy	Lizzy_stubEntry	fictPersons	Our Village: Sketches of Rural Character and Scenery: Preface	MasonsWife
Lizzy	Lizzy_stubEntry	fictPersons	Our Village: Sketches of Rural Character and Scenery: Preface	Officer
Lizzy	Lizzy_stubEntry	fictPersons	Our Village: Sketches of Rural Character and Scenery: Preface	OfficersEldestSon
Lizzy	Lizzy_stubEntry	fictPersons	Our Village: Sketches of Rural Character and Scenery: Preface	Cupid
Lizzy	Lizzy_stubEntry	fictPersons	Our Village: Sketches of Rural Character and Scenery: Preface	JohnEvans
Lizzy	Lizzy_stubEntry	fictPersons	Our Village: Sketches of Rural Character and Scenery: Preface	JohnEvansWife
Lizzy	Lizzy_stubEntry	fictPersons	Our Village: Sketches of Rural Character and Scenery: Preface	Lieutenant
Napoleon	Napoleon Bonaparte	histPersons		
May-flower	May-flower	archPersons		
WheelersWife	WheelersWife_stubEntry	fictPersons		
Wheeler	Wheeler_stubEntry	fictPersons		
Curate	Curate_stubEntry	fictPersons		
Mason	Mason_stubEntry	fictPersons		
MasonsWife	MasonsWife_stubEntry	fictPersons		
Officer	Officer_stubEntry	fictPersons		
OfficersEldestSon	OfficersEldestSon_stubEntry	fictPersons		
Cupid	Cupid_stubEntry	fictPersons		
JohnEvans	JohnEvans_stubEntry	fictPersons		
JohnEvansWife	JohnEvansWife_stubEntry	fictPersons		
Lieutenant	Lieutenant_stubEntry	fictPersons		
	_notSI	no_SI_category		
	_notSI	no_SI_category		
Tom_Cordery	Tom_Cordery_notSI	no_SI_category		
OVNarrator	OVNarrator_stubEntry	fictPersons		
Ugo_Foscolo	Ugo_Foscolo_notSI	no_SI_category		
myrmidons	myrmidons_notSI	no_SI_category		
head_keeper	head_keeper_notSI	no_SI_category		
Medusa	Medusa_notSI	no_SI_category		
May-flower	May-flower	archPersons		
Tray	Tray_notSI	no_SI_category		
Lucy	Lucy_notSI	no_SI_category		
Bob_Arlott	Bob_Arlott_notSI	no_SI_category		
Jem_Serle	Jem_Serle_notSI	no_SI_category		
	_notSI	no_SI_category		
Pope_Alex	Alexander Pope	histPersons		
Cromwell	Oliver Cromwell	histPersons		
Salvator_Rosa	Salvator_Rosa_notSI	no_SI_category		
Tom_Corderys_wife	Tom_Corderys_wife_notSI	no_SI_category		
overseer	overseer_notSI	no_SI_category		
OVNarrator	OVNarrator_stubEntry	fictPersons		
May-flower	May-flower	archPersons		
Lizzy	Lizzy_stubEntry	fictPersons		
LizzysMother	LizzysMother_stubEntry	fictPersons		
JackRapley	Jack Rapley	archPersons		
May-Flower	May-Flower_notSI	no_SI_category		
RobinGoodfellow	RobinGoodfellow_notSI	no_SI_category		
Lieutenant	Lieutenant_stubEntry	fictPersons		
LieutenantsChildren	LieutenantsChildren_notSI	no_SI_category		
	_notSI	no_SI_category		
WhiteGilbert	White Gilbert	histPersons		
May-flower	May-flower	archPersons		
Lizzy	Lizzy_stubEntry	fictPersons		
Lieutenant	Lieutenant_stubEntry	fictPersons		
JackRapley	Jack Rapley	archPersons		
	_notSI	no_SI_category		
	_notSI	no_SI_category		
	_notSI	no_SI_category		
	_notSI	no_SI_category		
clementVi	clementVi_notSI	no_SI_category		
Petrarch	Francesco Petrarca	histPersons		
Rienzi_Cola	Cola di Rienzi	fictPersons		
Vesta	Vesta_notSI	no_SI_category		
	_notSI	no_SI_category		
	_notSI	no_SI_category		
Mitford_Geo	George Mitford	histPersons		
MRM	Mary Russell Mitford	histPersons		
Webb_Eliza	Eliza Elizabeth Webb	histPersons		
Dickinson_Mrs	Mrs. Dickinson	histPersons		
Dickinson_Charles	Charles Dickinson	histPersons		
Russell_M	Mary Mitford Russell	histPersons		
James_Miss	Miss James	histPersons		
Elford_SirWm	Sir William Elford, F.R.S., F.L.S., M.P.	histPersons		
Haydon	Benjamin Robert Haydon	histPersons		
Rowden_Fr	Frances Arabella Rowden St. Quintin	histPersons		
Hofland_B	Barbara Hofland Wreaks	histPersons		
Palmer_CF	Charles Fyshe Palmer	histPersons		
Palmer_Mad	Madelina Palmer Gordon	histPersons		
Pope_Alex	Alexander Pope	histPersons		
Bennoch_Fr	Francis Bennoch	histPersons		
Dryden	John Dryden	histPersons		
Hugo_Victor	Victor Hugo	histPersons		
ChasII	Charles Stuart	histPersons		
Corneille	Pierre Corneille	histPersons		
Shakespeare	William Shakespeare	histPersons		
Dogberry_MA	Dogberry	fictPersons		
Mitford_Geo	George Mitford	histPersons		
Flush	Flush	histPersons		
Orger_MA	Mary Ann Orger	histPersons		
MRM	Mary Russell Mitford	histPersons		
Maggs_Sally_DP	Sally Maggs	fictPersons		
Holcroft	Thomas Holcroft	histPersons		
Morton_Thos	Thomas Morton	histPersons		
Colman_the_Younger	George Colman	histPersons		
Sheridan_RichardB	Richard Brinsley Sheridan	histPersons		
Foote_Samuel	Samuel Foote	histPersons		
OKeefe	John O'Keefe O'Keeffe	histPersons		
Dibdin_TJ	Thomas John Dibdin	histPersons		
Congreve_Wm	William Congreve	histPersons		
Moliere	Molière	histPersons		
Landon_LE	Laetitia Elizabeth Landon Maclean	histPersons		
Rowden_Fr	Frances Arabella Rowden St. Quintin	histPersons		
Lamb_Caro	Caroline Ponsonby Lamb	histPersons		
Kemble_Frances	Frances Anne Kemble	histPersons		
Kemble_JP	John Phillip Kemble	histPersons		
Bannister_Jack	John Bannister	histPersons		
Johnstone_Jack	John Johnstone	histPersons		
Fawcett_John	John Fawcett	histPersons		
Emery_John	John Emery	histPersons		
Lewis_William_Thomas	William Thomas Lewis	histPersons		
Munden_Joseph_Shepherd	Joseph Shepherd Munden	histPersons		
Davenport_MA	Mary Ann Harvey Davenport	histPersons		
Pope_Jane	Jane Pope	histPersons		
Jordan_Dorothea	Dorothea Jordan	histPersons		
	_notSI	no_SI_category		
Garrick_David	David Garrick	histPersons		
Kean_Edmund	Edmund Kean	histPersons		
Siddons_Sarah	Sarah Kemble Siddons	histPersons		
Macbeth_Lady	Lady Macbeth	fictPersons		
Katharine_H8	Katharine	fictPersons		
Wolsey_H8	Wolsey	fictPersons		
Hermione_WT	Hermione	fictPersons		
Leontes_WT	Leontes	fictPersons		
Coriolanus_C	Coriolanus	fictPersons		
Volumnia_C	Volumnia	fictPersons		
Hamlet_H	Hamlet	fictPersons		
Queen_Hamlet	Gertrude, Queen of Denmark	fictPersons		
Kotzebue	August von Kotzebue	histPersons		
Canning_George	Canning_George_stubEntry	histPersons		
Thackeray_TJ	Thomas James (T.J.) Thackeray	histPersons		
Penruddock_WF	Penruddock	fictPersons		
Rolla_P	Rolla	fictPersons		
Abbe_de_L_Epee_DD	Abbé de L'Épée	fictPersons		
Racine	Jean-Baptiste Racine	histPersons		
d_Aubigné_Françoise	Françoise d'Aubigné	histPersons		
Lamb_Chas	Charles Lamb	histPersons		
Hazlitt_Wm	William Hazlitt	histPersons		
Webster_John	John Webster	histPersons		
Marlowe_Chris	Christopher Marlowe	histPersons		
Dekker_Thos	Thomas Dekker	histPersons		
Ford_John	John Ford	histPersons		
Massinger_Phil	Philip Massinger	histPersons		
Beaumont_Fr	Francis Beaumont	histPersons		
Fletcher_John	John Fletcher	histPersons		
Fletcher_John #Beaumont_Fr	Fletcher_John #Beaumont_Fr_notSI	no_SI_category		
Valpy_Richard	Richard Valpy	histPersons		
Desdemona_O	Desdemona	fictPersons		
Imogen_C	Imogen	fictPersons		
JamesI	James I	histPersons		
Helen_H	Helen	fictPersons		
Antigone_A	Antigone	fictPersons		
Sophocles	Sophocles	histPersons		
Brumoy_Pierre	Pierre Brumoy	histPersons		
Alfieri_Vittorio	Vittorio Alfieri	histPersons		
Master_Betty	William Henry West Betty	histPersons		
ONeill_Eliz	Elizabeth O'Neill	histPersons		
Elliston_Robt	Robert William Elliston	histPersons		
Duncan_MR	Maria Rebecca Davison, née Duncan	histPersons		
Collins_little	Thomas Collins	histPersons		
Knowles_Sheridan	James Sheridan Knowles	histPersons		
Gifford_William	William Gifford	histPersons		
Coleridge_ST	Samuel Taylor Coleridge	histPersons		
Talfourd_Thos	Thomas Noon Talfourd	histPersons		
Camilla	Camilla Donato	fictPersons		
Euripides	Euripides	histPersons		
Kemble_MrsC	Maria Therese de Camp Kemble	histPersons		
Young_CM	Charles Mayne Young	histPersons		
Warde_Mr	James Prescott Warde	histPersons		
Serle_TJ	Thomas James Serle	histPersons		
Cosmo	Cosmo Donato	fictPersons		
Sloman_Mrs	 Sloman	histPersons		
Macready_Wm	William Macready	histPersons		
Forbes_Capt	 Forbes	histPersons		
Liston_John	John Liston	histPersons		
Annabel_J	Annabel	fictPersons		
Melfi	The Duke of Melfi	fictPersons		
Doge_F	Doge Foscari	fictPersons		
Donato	 Donato	fictPersons		
Robins_Geo	George Henry Robins	histPersons		
Haydon	Benjamin Robert Haydon	histPersons		
Franklin_Eleanor	Eleanor Anne Porden Franklin	histPersons		
Franklin_John	John Franklin	histPersons		
Gibbon_Edward	Edward Gibbon	histPersons		
Berengaria	Berengaria of Navarre Queen Consort of England	histPersons		
RichardI	Richard IKing of EnglandDuke of NormandyDuke of AquitaineCount of Anjou	histPersons		
Edgeworth_Maria	Maria Edgeworth	histPersons		
Baillie_Joanna	Joanna Baillie	histPersons		
Hemans_Felicia	Felicia Hemans	histPersons		
ChasI	Charles Stuart	histPersons		
Cromwell	Oliver Cromwell	histPersons		
Duke_of_Devonshire	William George Spencer Cavendish	histPersons		
Jerrold_Doug	Douglas William Jerrold	histPersons		
Radcliffe_Ann	Ann Radcliffe Ward	histPersons		
Ulric_O	Ulric	fictPersons		
Hengo_B	Hengo	fictPersons		
Hood_Thos	Thomas Hood	histPersons		
Praed_Winthrop	Winthrop Praed	histPersons		
Pierce_G	Pierce	fictPersons		
	_notSI	no_SI_category		
Kemble_C	Charles Kemble	histPersons		
Horace	Horace	histPersons		
Cromwell_MRM	Oliver Cromwell	fictPersons		
Macready_Wm	William Macready	histPersons		
Havard_Wm	William Havard	histPersons		
Kemble_JP	John Phillip Kemble	histPersons		
Colman_the_Younger	George Colman	histPersons		
Duke_Montrose	Duke_Montrose_stubEntry	histPersons		
ChasI	Charles Stuart	histPersons		
hume	David Hume	histPersons		
Cromwell	Oliver Cromwell	histPersons		
WilliamIV	William IV King of the United Kingdom of Great Britain and Ireland, and King of HanoverWilliamHanover	histPersons		
Shakespeare	William Shakespeare	histPersons		
Milton	John Milton	histPersons		
Broghill	Roger Boyle, Lord Broghill	histPersons		
ChasII	Charles Stuart	histPersons		
Marten	Marten	fictPersons		
Ingoldsby	Richard Ingoldsby	histPersons		
Queen_Ch1	Queen Henrietta Maria	fictPersons		
LadyFairfax	Lady Fairfax	fictPersons		
Fairfax	Lord Fairfax	fictPersons		
Harrison	Harrison	fictPersons		
Talfourd_Thos	Thomas Noon Talfourd	histPersons		
Serle_TJ	Thomas James Serle	histPersons		
Henry_V	Henry V	histPersons		
Chas1_MRM	Charles the First	fictPersons		
Salisbury	Lord Salisbury	fictPersons		
Say	Lord Say	fictPersons		
Vane	Sir Harry Vane	fictPersons		
Bradshaw	Lord President Bradshaw	fictPersons		
Ireton	Ireton	fictPersons		
Downes	Downes	fictPersons		
Tichburne	Tichburn	fictPersons		
Cook_Ch1	Cook	fictPersons		
Pride_Ch1	Pride	fictPersons		
Hacker_Ch1	Hacker	fictPersons		
Herbert_Ch1	Sir Thomas Herbert	fictPersons		
Hammond_Ch1	Hammond	fictPersons		
PrincessE_Ch1	Princess Elizabeth	fictPersons		
Amaziah	Amaziah	archPersons		
Groby	Lord Grey of Groby	histPersons		
Jezebel	Jezebel	archPersons		
Jonah	Jonah	archPersons		
Jael	Jael	archPersons		
Deborah	Deborah	archPersons		
Gloucester #PrincessE_Ch1	Gloucester #PrincessE_Ch1_notSI	no_SI_category		
MaryQoS	Queen Mary	histPersons		
Bess_of_Hardwick	Elizabeth Hardwick Barley Cavendish St. Loe Talbot	histPersons		
MRM	Mary Russell Mitford	histPersons		
Talbot_Geo	George Talbot the Sixth Earl of Shrewsbury	histPersons		
RichardIII	Richard III King of England	histPersons		
HenryVI	Henry VI King of England	histPersons		
Margaret_Anjou	Margaret of Anjou	histPersons		
Millington	Gilbert Millington	histPersons		
RichardI	Richard IKing of EnglandDuke of NormandyDuke of AquitaineCount of Anjou	histPersons		
Strafford	Thomas Wentworth, Earl of Strafford	histPersons		
Baal	Baal	archPersons		
HughPeters	Hugh Peters	histPersons		
Cromwell_Hen	Henry Cromwell	histPersons		
Gloucester	Duke of Gloucester	fictPersons		
Ahab	Ahab	archPersons		
Rehoboam	Rehoboam	archPersons		
Brutus	Marcus Junius Brutus	histPersons		
Julius_Caesar	Gaius Julius Caesar	histPersons		
	_notSI	no_SI_category		
Colman_the_Younger	George Colman	histPersons		
MRM	Mary Russell Mitford	histPersons		
Duke_Montrose	Duke_Montrose_stubEntry	histPersons		
Cromwell	Oliver Cromwell	histPersons		
ChasI	Charles Stuart	histPersons		
Havard_Wm	William Havard	histPersons		
GeoIII	George William Frederick King of Great Britain and King of Ireland King of the United Kingdom of Great Britain and Ireland	histPersons		
GeoIV	George IV King of the United Kingdom of Great Britain and Ireland	histPersons		
Scott_Wal	Walter Scott	histPersons		
Shelley_PB	Percy Bysshe Shelley	histPersons		
Vane_hist	Henry Vane	histPersons		
Macready_Wm	William Macready	histPersons		
RichardIII	Richard III King of England	histPersons		
Byron	George Gordon Noel Byron	histPersons		
dsa	Diego Saglia	Mitford_Team		
Rienzo_hist	Cola di Rienzo Tribune of Rome	histPersons		
Harrison_hist	Thomas Harrison	histPersons		
Amaziah	Amaziah	archPersons		
Queen_Ch1	Queen Henrietta Maria	fictPersons		
WilliamIV	William IV King of the United Kingdom of Great Britain and Ireland, and King of HanoverWilliamHanover	histPersons		
ElizI	Elizabeth Tudor	histPersons		
	_notSI	no_SI_category		
	_notSI	no_SI_category		
	_notSI	no_SI_category		
	_notSI	no_SI_category		
	_notSI	no_SI_category		
MRM	Mary Russell Mitford	histPersons		
	_notSI	no_SI_category		
	_notSI	no_SI_category		
	_notSI	no_SI_category		
	_notSI	no_SI_category		
	_notSI	no_SI_category		